loknr,areal_m2,loknr
10126,25092.36401367,10126
10213,61298.25341797,10213
10232,88044.97363281,10232
10425,142847.63671875,10425
10435,13681.02929688,10435
10436,26689.24804688,10436
10504,7842.75097656,10504
10598,31739.56640625,10598
10857,30699.95361328,10857
10859,35788.10791016,10859
10860,35881.58447266,10860
10862,136509.15917969,10862
10863,26835.70654297,10863
10864,18929.88574219,10864
10865,34824.32421875,10865
10868,80681.796875,10868
10869,13662.67236328,10869
10872,15928.92382813,10872
10876,63599.45898438,10876
10877,42527.375,10877
10882,146425.02880859,10882
10922,22331.7265625,10922
10949,12432.66699219,10949
10951,12892.75341797,10951
10961,68588.46630859,10961
10978,3226.21630859,10978
10989,70497.80664063,10989
11015,143272.99902344,11015
11072,56590.83496094,11072
11074,96292.54101563,11074
11087,57973.42333984,11087
11112,64680.31054688,11112
11116,21266.33496094,11116
11122,52018.515625,11122
11138,162026.5,11138
11168,69880.12011719,11168
11179,81.53125,11179
11198,32073.74804688,11198
11201,12929.26269531,11201
11205,23796.984375,11205
11230,4741.58789063,11230
11241,14477.796875,11241
11251,28807.20410156,11251
11252,24029.22558594,11252
11269,93330.51367188,11269
11273,29044.06347656,11273
11298,24784.04394531,11298
11315,200937.37597656,11315
11318,65551.49511719,11318
11320,68155.53417969,11320
11410,57388.19433594,11410
11413,130992.99902344,11413
11416,3731.37597656,11416
11438,80695.59863281,11438
11454,8760.93505859,11454
11925,7351.33544922,11925
11930,112427.98754883,11930
12011,52026.40625,12011
12071,43008.02197266,12071
12237,82815.08959961,12237
12298,64435.13037109,12298
12303,4185.26538086,12303
12308,20766.92407227,12308
12357,87083.70068359,12357
12361,69487.54931641,12361
12366,37326.64257813,12366
12370,70883.28320313,12370
12385,59232.00976563,12385
12394,65554.92480469,12394
12449,298848.97509766,12449
12466,118035.76806641,12466
12475,2057.77929688,12475
12483,44730.22412109,12483
12599,227720.03808594,12599
12624,171165.20507813,12624
12625,195943.71728516,12625
12633,94449.91845703,12633
12634,1702.34765625,12634
12705,105286.0390625,12705
12712,61028.04248047,12712
12819,41262.22412109,12819
12821,122959.32128906,12821
12855,160673.33544922,12855
12871,29933.44775391,12871
12872,45319.58105469,12872
12890,64744.39746094,12890
12892,75298.56982422,12892
12895,79550.31445313,12895
12896,39391.01611328,12896
12897,37025.13720703,12897
12951,47682.24902344,12951
12966,81543.35717773,12966
12988,64278.88598633,12988
13006,63192.03027344,13006
13009,11030.17382813,13009
13047,25934.41308594,13047
13055,105191.79370117,13055
13115,3220.48681641,13115
13124,127900.38330078,13124
13220,72647.51660156,13220
13246,74396.68945313,13246
13249,79152.80102539,13249
13284,15541.51806641,13284
13293,19071.88769531,13293
13296,14660.40820313,13296
13297,82764.32519531,13297
13527,30667.828125,13527
13530,94880.31347656,13530
13592,58660.96875,13592
13593,58673.06542969,13593
13669,92988.12402344,13669
13764,73657.50195313,13764
13765,34129.95800781,13765
13782,16022.23242188,13782
13852,101976.02685547,13852
13936,36385.984375,13936
14042,57803.51416016,14042
14076,50831.59472656,14076
14136,129782.80932617,14136
14241,18417.61523438,14241
14243,24904.22460938,14243
14244,61399.56396484,14244
14245,152644.26855469,14245
14676,16235.76367188,14676
14746,27930.66455078,14746
14747,7549.59179688,14747
14748,18658.93505859,14748
14795,29308.671875,14795
14796,19071.12304688,14796
15118,30929.86962891,15118
15338,41866.47583008,15338
15375,20675.40771484,15375
15478,8357.5546875,15478
15495,11716.45117188,15495
15777,172.95751953,15777
15796,317030.71948242,15796
15816,16677.36816406,15816
16165,37916.16015625,16165
16515,25808.64013672,16515
16939,54881.34375,16939
18595,1098.76269531,18595
18639,86494.71044922,18639
18717,80982.16210938,18717
19235,43209.93164063,19235
19336,54593.86254883,19336
19356,130962.30859375,19356
19457,6320.90771484,19457
19738,15303.07666016,19738
19755,43158.81445313,19755
19855,78734.22412109,19855
19875,84267.59960938,19875
19995,94260.78222656,19995
20096,4690.77929688,20096
20796,72422.00488281,20796
20815,56167.46899414,20815
21055,34181.69067383,21055
21337,8545.10791016,21337
21676,136715.99414063,21676
21795,72394.39257813,21795
22035,95761.51806641,22035
22435,55959.09179688,22435
22455,76530.13134766,22455
22796,88303.96972656,22796
22995,254025.48339844,22995
23695,11969.36767578,23695
23816,116089.92871094,23816
24295,63856.32324219,24295
24435,309795.21362305,24435
24456,56604.17333984,24456
24696,66808.99316406,24696
25295,31737.68994141,25295
25695,59322.84545898,25695
25715,278442.22924805,25715
25716,177848.93481445,25716
25717,2137222.11962891,25717
26355,8167.9609375,26355
26575,40330.27172852,26575
26675,24898.63964844,26675
26795,99356.43505859,26795
26876,727.22851563,26876
27095,82124.67797852,27095
27376,759.62304688,27376
27436,108655.61962891,27436
27856,44503.22363281,27856
27876,60073.39990234,27876
27996,90895.8046875,27996
28036,54900.64648438,28036
28856,3795.41210938,28856
28956,66934.13867188,28956
29096,35733.4609375,29096
29296,148800.6015625,29296
29376,58588.58154297,29376
29516,438.39453125,29516
29537,139494.17578125,29537
29576,130774.06054688,29576
29776,64792.56933594,29776
29876,232856.12304688,29876
30097,68949.44873047,30097
30156,74826.44628906,30156
30157,43254.90429688,30157
30377,44460.23046875,30377
30437,65906.25537109,30437
30597,3150.91308594,30597
30857,105820.9921875,30857
30977,51515.78320313,30977
31077,103650.95410156,31077
31437,20110.62353516,31437
31477,4730.77978516,31477
31517,44000.46728516,31517
31637,68266.96972656,31637
31777,41452.9296875,31777
31857,85862.64990234,31857
31959,80908.34960938,31959
32437,30326.24658203,32437
32497,72804.84960938,32497
32557,5351.05371094,32557
32597,129797.76904297,32597
32697,80620.38671875,32697
32897,82716.25146484,32897
32997,57594.56347656,32997
33297,74595.89501953,33297
33657,85952.26464844,33657
33757,8531.12451172,33757
33817,44690.24316406,33817
33857,65265.37744141,33857
34037,20409.10449219,34037
34257,108885.97851563,34257
34277,11382.45898438,34277
34357,69499.32714844,34357
34417,321600.95214844,34417
34437,330755.72460938,34437
34477,81256.61132813,34477
34597,87915.70166016,34597
34637,118480.69335938,34637
34717,18239.87988281,34717
34817,60071.02026367,34817
34857,113637.16015625,34857
34917,128991.04101563,34917
34997,17992.63183594,34997
35377,244509.38525391,35377
35417,25385.41992188,35417
35457,103331.53613281,35457
35637,271669.46777344,35637
35677,82115.97558594,35677
35717,152347.16894531,35717
35737,12838.39306641,35737
35777,42491.37890625,35777
36037,104991.67578125,36037
36117,168561.625,36117
36118,123995.31835938,36118
36217,73583.77880859,36217
36397,82732.9375,36397
36437,20087.26074219,36437
36497,54985.2578125,36497
36517,88090.34619141,36517
36737,92947.01074219,36737
36778,39880.68115234,36778
36877,147156.76416016,36877
37077,185238.78515625,37077
37157,6746.42382813,37157
37197,154734.25585938,37197
37277,121396.72558594,37277
37377,40441.74072266,37377
37397,0.0,37397
37417,74795.78759766,37417
37437,63172.19726563,37437
37517,162838.59350586,37517
37537,266513.58374023,37537
37617,63435.12207031,37617
37697,347373.53125,37697
37837,92353.8359375,37837
37857,101468.23632813,37857
38017,13574.23046875,38017
38037,8613.30859375,38037
38277,92156.29541016,38277
38317,263646.75097656,38317
38377,39707.49511719,38377
38477,120185.7734375,38477
38517,116040.53417969,38517
38537,60768.02392578,38537
38597,62219.05517578,38597
38677,109103.79003906,38677
38757,67007.23339844,38757
38797,105447.71044922,38797
10513,132441.53613281,10513
11966,86075.08666992,11966
13000,77206.48193359,13000
14678,8068.85253906,14678
39017,118070.0,39017
39037,79128.48632813,39037
39057,40018.04833984,39057
39077,40338.453125,39077
11411,3457.30859375,11411
19635,29735.82519531,19635
28636,97234.33837891,28636
39217,71025.18261719,39217
14679,55929.09863281,14679
39317,40333.08398438,39317
12435,131144.56494141,12435
20559,68604.75,20559
21397,201573.25097656,21397
26775,68021.45019531,26775
27215,61006.08886719,27215
27395,1967.05493164,27395
27976,64151.40625,27976
29417,50439.5234375,29417
33457,169970.50390625,33457
33937,330173.93408203,33937
33957,185063.76660156,33957
35477,170952.56884766,35477
36017,161516.98681641,36017
11129,128163.99902344,11129
12380,46399.85058594,12380
13784,47204.03417969,13784
20876,59162.3359375,20876
25315,16013.81005859,25315
26835,16876.78955078,26835
39517,75644.54492188,39517
10212,96341.07177734,10212
13412,74944.11230469,13412
28896,101774.32568359,28896
30537,153760.70214844,30537
39397,139080.79980469,39397
39777,667776.85253906,39777
14019,75147.95214844,14019
13931,135245.62890625,13931
20316,0.0,20316
16216,71892.19921875,16216
10181,88056.99169922,10181
33617,153509.68261719,33617
39597,91865.51611328,39597
22955,135152.39672852,22955
26815,6683.17675781,26815
27176,3320.81738281,27176
32677,104259.19189453,32677
33557,126221.32421875,33557
39857,50135.98925781,39857
39877,64909.33154297,39877
39897,99859.89599609,39897
39937,89019.03051758,39937
39957,99297.87011719,39957
36317,177916.50048828,36317
38297,131698.83935547,38297
40077,29773.60986328,40077
34197,53823.66796875,34197
40138,49057.25830078,40138
40117,150374.43115234,40117
40237,39976.21826172,40237
40257,25513.73632813,40257
40118,121278.08105469,40118
11312,108515.05664063,11312
10037,1336.94604492,10037
10040,491.48242188,10040
10044,1769.75341797,10044
10045,9810.82519531,10045
10050,37219.08740234,10050
10052,6349.36230469,10052
10062,28524.08007813,10062
10078,40576.14160156,10078
10086,30195.23364258,10086
10090,21868.04516602,10090
10091,40894.85620117,10091
10110,135310.58227539,10110
10136,288728.82397461,10136
10137,4136.79296875,10137
10147,10155.92675781,10147
10194,7657.50048828,10194
10216,120853.83789063,10216
10224,77408.39941406,10224
10229,98568.29833984,10229
10240,18403.18505859,10240
10247,33807.96582031,10247
10248,61060.37841797,10248
10256,115036.30322266,10256
10262,125954.49023438,10262
10275,81594.41210938,10275
10291,17721.20825195,10291
10300,77515.03735352,10300
10303,15625.58276367,10303
10305,8919.77929688,10305
10309,39962.88427734,10309
10311,51010.83691406,10311
10317,20832.44067383,10317
10318,144192.66918945,10318
10319,116497.23339844,10319
10324,12742.06640625,10324
10328,12378.81201172,10328
10331,81656.52832031,10331
10338,37921.3918457,10338
10375,108554.54541016,10375
10380,57084.17382813,10380
10382,202246.09423828,10382
10410,27779.61035156,10410
10411,48098.99316406,10411
10417,64001.12060547,10417
10427,69403.82861328,10427
10536,83253.74316406,10536
10550,97214.95019531,10550
10552,88960.46386719,10552
10570,78757.37207031,10570
10614,70709.59570313,10614
10616,192876.09375,10616
10652,192386.74316406,10652
10660,92318.18066406,10660
10724,80528.63769531,10724
10726,139566.39257813,10726
10734,63973.52832031,10734
10735,148200.78808594,10735
10754,48105.88671875,10754
10757,147535.48242188,10757
10759,114878.60644531,10759
10791,96828.79785156,10791
10795,54189.80078125,10795
10796,124990.47070313,10796
10804,73022.01074219,10804
10806,69176.21386719,10806
10808,53920.88867188,10808
10814,53959.49609375,10814
10819,44904.44726563,10819
10822,45325.54003906,10822
10825,90164.53417969,10825
10828,84681.21972656,10828
10838,97147.40136719,10838
10839,79784.62402344,10839
10841,41331.28515625,10841
11326,65819.94921875,11326
11330,43661.1484375,11330
11332,64012.66210938,11332
11338,71810.99121094,11338
11350,98716.81542969,11350
11357,86087.69335938,11357
11363,110348.93164063,11363
11364,124814.08398438,11364
11378,52471.08691406,11378
11381,77543.54101563,11381
11385,79453.78808594,11385
11399,39020.90820313,11399
11488,118830.84375,11488
11491,1940.19433594,11491
11492,108035.56103516,11492
11507,19758.5637207,11507
11508,208.09936523,11508
11509,1177.8840332,11509
11510,4237.30761719,11510
11513,68517.16870117,11513
11517,17198.4128418,11517
11525,68685.58203125,11525
11530,78662.33227539,11530
11534,83106.67553711,11534
11537,6642.18139648,11537
11559,30573.61914063,11559
11572,2074.27612305,11572
11574,70223.73095703,11574
11575,38995.17797852,11575
11593,2263.12304688,11593
11596,13233.765625,11596
11615,4429.92993164,11615
11624,14016.24487305,11624
11628,691.65625,11628
11633,37179.56518555,11633
11640,87500.3581543,11640
11643,30203.84716797,11643
11649,96971.76171875,11649
11653,6764.91381836,11653
11657,99595.46557617,11657
11665,104827.89770508,11665
11667,89739.01098633,11667
11688,199819.15063477,11688
11690,13253.00927734,11690
11714,87797.4855957,11714
11721,1002.35180664,11721
11736,86209.46508789,11736
11738,92170.3503418,11738
11740,107762.40942383,11740
11741,24918.20068359,11741
11743,25136.87744141,11743
11744,16097.53027344,11744
11749,104125.57788086,11749
11754,5469.49951172,11754
11758,112958.11352539,11758
11763,35946.71313477,11763
11767,11743.00683594,11767
11770,43238.79467773,11770
11772,16280.10595703,11772
11775,63077.26904297,11775
11776,28780.00512695,11776
11783,40920.02392578,11783
11786,116361.67651367,11786
11788,1082.46557617,11788
11791,84568.55566406,11791
11800,56100.76782227,11800
11809,64610.35595703,11809
11813,53864.27001953,11813
11814,81684.86767578,11814
11835,213528.76586914,11835
11854,185463.71069336,11854
11857,62924.6862793,11857
11861,104088.59765625,11861
11903,23729.10449219,11903
11907,32206.77905273,11907
11939,32235.99462891,11939
11957,82565.67651367,11957
11969,3551.65307617,11969
11971,148208.24487305,11971
12003,68080.27709961,12003
12007,29746.15039063,12007
12020,43585.40820313,12020
12022,34284.50634766,12022
12023,124892.62573242,12023
12033,56745.10351563,12033
12035,15722.50170898,12035
12036,19939.35864258,12036
12040,15052.2121582,12040
12067,27841.49755859,12067
12074,151593.86889648,12074
12077,35939.99389648,12077
12078,12195.26342773,12078
12081,11038.98339844,12081
12086,11828.45800781,12086
12095,31143.93920898,12095
12107,11520.86499023,12107
12108,162149.08691406,12108
12109,177578.38256836,12109
12128,30684.01391602,12128
12134,201511.11401367,12134
12158,1232.57666016,12158
12178,85197.55322266,12178
12192,62497.30541992,12192
12201,4634.58935547,12201
12202,2098.16796875,12202
12209,61221.86767578,12209
12212,71273.65161133,12212
12213,34868.57763672,12213
12233,50898.39404297,12233
12244,57587.2277832,12244
12260,14539.86206055,12260
12265,31802.57421875,12265
12268,37658.08300781,12268
12348,22634.31835938,12348
12371,2963.57080078,12371
12383,143391.27050781,12383
12406,26366.98535156,12406
12407,17774.92041016,12407
12590,64496.55615234,12590
12643,59592.37841797,12643
12667,10255.17285156,12667
12668,23226.84179688,12668
12671,34594.41308594,12671
12678,127070.18164063,12678
12682,96174.74414063,12682
12683,74899.74902344,12683
12714,63902.68115234,12714
12730,25550.62597656,12730
12746,19119.50537109,12746
12748,90699.50634766,12748
12752,66573.84277344,12752
12753,213049.83789063,12753
12754,100828.36962891,12754
12794,28848.55029297,12794
12811,131587.17626953,12811
12815,83406.03027344,12815
12829,36631.53515625,12829
12830,67703.53027344,12830
12832,7149.97363281,12832
12834,7286.54003906,12834
12837,273.78369141,12837
12844,29390.16064453,12844
12884,54020.89160156,12884
12904,66344.80224609,12904
12919,41842.43945313,12919
12973,100500.69775391,12973
12978,95534.86645508,12978
12980,218034.10424805,12980
13020,14281.54150391,13020
13021,40443.13037109,13021
13032,115066.17480469,13032
13057,59132.71166992,13057
13084,104505.29492188,13084
13119,60110.05761719,13119
13143,104531.54101563,13143
13196,15062.84667969,13196
13204,1805.52124023,13204
13205,24020.83911133,13205
13221,49496.50439453,13221
13228,105639.53857422,13228
13234,19317.27490234,13234
13236,178237.87036133,13236
13241,129420.98828125,13241
13243,121672.90356445,13243
13274,203670.28173828,13274
13305,67228.61035156,13305
13306,77450.97167969,13306
13316,121275.12402344,13316
13317,21832.29980469,13317
13339,16556.73242188,13339
13340,304037.07763672,13340
13345,77839.05615234,13345
13494,3355.56982422,13494
13501,18655.21337891,13501
13509,115450.46240234,13509
13531,167297.79101563,13531
13532,9173.91699219,13532
13549,80310.45458984,13549
13550,143385.35644531,13550
13562,98763.50708008,13562
13566,9625.95922852,13566
13568,103671.51733398,13568
13570,100782.79248047,13570
13572,52074.94091797,13572
13581,42676.13574219,13581
13582,24853.79589844,13582
13597,104034.80859375,13597
13612,158779.73632813,13612
13643,83027.6965332,13643
13654,2292.55126953,13654
13660,340.96777344,13660
13677,33601.34033203,13677
13685,3905.03710938,13685
13691,78907.96484375,13691
13704,43198.87841797,13704
13706,4628.75805664,13706
13708,7772.90771484,13708
13709,39857.10327148,13709
13720,3244.16894531,13720
13743,368768.22460938,13743
13744,25649.77929688,13744
13748,59901.63037109,13748
13804,14257.51757813,13804
13813,96165.13867188,13813
13838,43111.8125,13838
13841,70820.55078125,13841
13867,79679.67016602,13867
13870,10497.73852539,13870
13874,15192.51977539,13874
13876,62631.99169922,13876
13887,140110.29882813,13887
13905,11473.21582031,13905
13906,10483.38720703,13906
13949,95976.28125,13949
13959,41110.13085938,13959
14016,28431.06787109,14016
14035,49680.015625,14035
14039,15006.30395508,14039
14040,57504.83227539,14040
14041,60718.06689453,14041
14086,11502.50366211,14086
14117,1105.70898438,14117
14435,41785.47363281,14435
14715,39431.26855469,14715
15236,3785.36621094,15236
15396,3854.13671875,15396
15456,178952.72973633,15456
15460,174297.66992188,15460
15461,19953.44238281,15461
15462,98298.07910156,15462
15535,29370.2734375,15535
15657,103249.375,15657
15659,64884.29980469,15659
15860,101812.92480469,15860
15878,609.04296875,15878
15956,77438.921875,15956
15957,83548.00585938,15957
16015,101794.97363281,16015
16055,204450.25390625,16055
16255,110715.74609375,16255
16281,6842.40234375,16281
16496,84489.59814453,16496
16736,119713.80078125,16736
16755,112359.02416992,16755
16797,11130.55908203,16797
16895,54425.16137695,16895
17015,282767.99975586,17015
17077,169366.71972656,17077
17255,23147.75488281,17255
17276,5526.82714844,17276
17495,169339.70947266,17495
17576,2475.4309082,17576
17695,163.07666016,17695
17862,3110.13256836,17862
18015,157441.46801758,18015
18117,60602.6875,18117
18255,3112.42651367,18255
18275,22417.83007813,18275
18496,40563.75,18496
18657,134291.89404297,18657
18755,90405.17578125,18755
18775,45206.68359375,18775
19015,46077.37402344,19015
19135,78180.0703125,19135
19195,78893.67871094,19195
19255,318.73242188,19255
19655,97771.17724609,19655
19939,248933.11694336,19939
19977,54838.27392578,19977
20115,131629.09692383,20115
20176,4450.44433594,20176
20396,97702.54492188,20396
20515,2795.85522461,20515
20536,24637.48388672,20536
20595,117899.34594727,20595
20776,109523.93115234,20776
20797,115168.31689453,20797
21016,112726.22070313,21016
21235,2418.75415039,21235
21335,27984.33496094,21335
21336,34965.79052734,21336
21495,78496.8125,21495
21755,59956.85327148,21755
21975,102551.22216797,21975
22315,53170.86083984,22315
22335,92101.97290039,22335
22415,5807.02026367,22415
22775,81282.98193359,22775
22776,159635.14648438,22776
22915,151360.27001953,22915
23016,44842.43408203,23016
23035,4365.72753906,23035
23055,135696.85058594,23055
23676,1786690.88720703,23676
23755,77211.125,23755
23895,341344.81469727,23895
24115,180152.65478516,24115
24135,138889.99780273,24135
24175,60104.86914063,24175
24196,45518.67626953,24196
24197,99432.55615234,24197
24255,587695.234375,24255
24315,86964.93212891,24315
24455,61533.91918945,24455
24495,3828.2668457,24495
24575,172145.58691406,24575
24655,173462.52246094,24655
24695,42673.16748047,24695
24735,57217.61889648,24735
24937,14389.4543457,24937
24975,76297.79858398,24975
25055,80338.45922852,25055
25235,77473.67724609,25235
25815,70180.89257813,25815
25835,165434.25610352,25835
25855,84675.03808594,25855
25895,185080.05761719,25895
25896,185736.84350586,25896
25935,2965.49951172,25935
26055,95271.60351563,26055
26135,137462.64697266,26135
26155,35987.80859375,26155
26235,100203.38208008,26235
26295,154854.33178711,26295
26315,80190.92919922,26315
26335,101472.81982422,26335
26595,151511.22094727,26595
26615,34459.43847656,26615
26935,96170.11425781,26935
27015,77656.30273438,27015
27315,101111.97363281,27315
27737,6950.42382813,27737
28196,265124.36816406,28196
28396,131120.20117188,28396
28416,13282.82080078,28416
28776,43409.53857422,28776
28796,3234.84301758,28796
29276,99944.63037109,29276
29336,81997.77172852,29336
29416,79228.5625,29416
29458,16316.56542969,29458
29476,121134.26367188,29476
29557,146898.21679688,29557
29756,200065.01953125,29756
29816,83326.59350586,29816
29896,88803.89746094,29896
29936,71331.62841797,29936
29957,35625.71508789,29957
30076,184841.69628906,30076
30117,122499.51074219,30117
30137,43474.26123047,30137
30177,76363.56201172,30177
30196,1013.73510742,30196
30216,301762.27050781,30216
30217,50125.67871094,30217
30236,97485.32617188,30236
30257,256574.98388672,30257
30297,144534.43847656,30297
30417,1652.70507813,30417
30517,130250.84960938,30517
30559,132388.06152344,30559
30657,18293.88525391,30657
30757,53645.46679688,30757
30897,38890.32519531,30897
30997,81923.54394531,30997
31038,116857.21850586,31038
31097,9283.11132813,31097
31117,51131.39599609,31117
31137,61542.28222656,31137
31157,36906.84448242,31157
31177,49931.34375,31177
31297,185929.97851563,31297
31357,141960.84033203,31357
31398,97697.78515625,31398
31497,53816.34423828,31497
31697,86323.13696289,31697
31738,133413.21972656,31738
31757,119585.28417969,31757
31797,246070.33398438,31797
31817,115552.3671875,31817
31877,70473.01757813,31877
31917,62715.89453125,31917
31958,33970.14306641,31958
31997,4019.20019531,31997
32057,80823.91845703,32057
32097,64777.48876953,32097
32137,2397.5222168,32137
32197,85991.75854492,32197
32237,75365.67089844,32237
32257,62868.37792969,32257
32337,102893.28637695,32337
32357,3090.71582031,32357
32417,59298.10595703,32417
32518,185491.09643555,32518
32577,91583.72851563,32577
32598,96698.93554688,32598
32617,62191.87304688,32617
32637,107938.80078125,32637
32717,29337.55419922,32717
32757,100204.13916016,32757
32777,47936.85644531,32777
32857,66947.47485352,32857
32877,106852.52124023,32877
32917,91852.9609375,32917
32977,99404.73803711,32977
33017,85322.14282227,33017
33077,38048.04125977,33077
33097,143784.33300781,33097
33137,3883.796875,33137
33177,57978.44824219,33177
33197,62719.84472656,33197
33218,119230.79003906,33218
33377,14207.75927734,33377
33417,326866.86816406,33417
33437,60706.17773438,33437
33537,117363.24462891,33537
33577,63785.13769531,33577
33597,134159.1003418,33597
33677,60703.20922852,33677
33697,46474.0390625,33697
33777,96642.00976563,33777
33998,190145.19433594,33998
34018,64525.08935547,34018
34057,100740.19921875,34057
34077,1219.97363281,34077
34117,84078.27734375,34117
34377,3442131.79003906,34377
34457,147657.6328125,34457
34537,468.1105957,34537
34557,24135.69750977,34557
34558,25107.72583008,34558
34577,56908.77539063,34577
34657,41559.58520508,34657
34797,116181.20996094,34797
34897,56009.53320313,34897
35157,20678.55053711,35157
35177,18331.05517578,35177
35197,108001.82421875,35197
35237,109912.97265625,35237
35277,101160.33007813,35277
35297,85698.86181641,35297
35317,68426.11132813,35317
35318,80759.55859375,35318
35337,133484.25195313,35337
35397,20550.29150391,35397
35437,30375.04492188,35437
35497,80492.93115234,35497
35517,150509.91064453,35517
35557,24644.04785156,35557
35577,26986.73168945,35577
35597,126760.6875,35597
35797,152501.79003906,35797
35838,36354.42675781,35838
35877,154177.61962891,35877
35897,73077.34008789,35897
35997,82702.35546875,35997
36097,42874.01757813,36097
36098,40171.03686523,36098
36099,222917.42773438,36099
36137,0.0,36137
36138,468665.84228516,36138
36177,98497.28808594,36177
36178,136580.57226563,36178
36237,145385.45410156,36237
36257,145165.1796875,36257
36297,196714.07788086,36297
36457,140783.19042969,36457
36597,28267.41845703,36597
36617,166576.86572266,36617
36657,114656.22143555,36657
36677,17822.5234375,36677
36697,9110.96142578,36697
36717,101724.8984375,36717
36757,270492.16113281,36757
36797,192779.84375,36797
36917,98153.58007813,36917
36937,129852.09375,36937
36997,70600.02539063,36997
37097,676.12939453,37097
37217,110811.71679688,37217
37237,73191.54589844,37237
37357,206564.11328125,37357
37577,53290.51123047,37577
37597,115051.51171875,37597
37717,177540.69042969,37717
37757,55906.37768555,37757
37797,61251.3972168,37797
37817,99623.32641602,37817
37917,318292.75,37917
37957,26205.83178711,37957
38117,174750.38867188,38117
38137,253737.8034668,38137
38157,182423.66113281,38157
38177,94866.3293457,38177
38217,171027.8972168,38217
38237,123160.21801758,38237
38257,39415.67773438,38257
38337,239337.23925781,38337
38457,363597.11621094,38457
38497,97941.94726563,38497
38577,323941.87548828,38577
38737,141506.46264648,38737
38777,93332.03662109,38777
38837,26505.86523438,38837
38857,120799.19824219,38857
38877,143541.69921875,38877
38977,20284.10400391,38977
39137,40212.7890625,39137
39197,53867.53637695,39197
39237,41897.40795898,39237
39257,28930.50683594,39257
39277,287109.23217773,39277
39297,54351.00439453,39297
39417,39924.12646484,39417
39477,160536.22314453,39477
39657,106492.66455078,39657
39757,15378.60473633,39757
39797,14648.50927734,39797
39817,376419.57373047,39817
39917,130643.61889648,39917
40017,144170.99902344,40017
40097,47111.33496094,40097
40197,40299.80810547,40197
40217,78123.24511719,40217
13573,81724.60058594,13573
13271,88122.54394531,13271
38957,144010.80371094,38957
18936,98103.60351563,18936
10223,160610.18554688,10223
18217,51884.93432617,18217
32457,45970.47192383,32457
12659,62537.34033203,12659
12662,83633.59423828,12662
29356,85760.50390625,29356
11290,93000.07910156,11290
11922,19883.98706055,11922
12784,160269.078125,12784
12789,106951.42089844,12789
31717,67531.18896484,31717
19016,149350.0859375,19016
19115,144906.19189453,19115
19278,92985.09765625,19278
20075,165072.24316406,20075
21176,117043.5078125,21176
21516,69870.85546875,21516
25736,56373.08105469,25736
29697,33841.60351563,29697
30637,63895.34179688,30637
30957,95674.0703125,30957
31317,78805.27148438,31317
31677,159911.94067383,31677
38097,73396.20727539,38097
10990,121943.53466797,10990
11928,143209.48022461,11928
13518,117794.55566406,13518
35817,112518.73242188,35817
13563,178949.74316406,13563
40357,73868.18652344,40357
12993,76023.06738281,12993
10281,39210.96484375,10281
11511,171582.21704102,11511
29116,87443.00390625,29116
37557,49894.28320313,37557
40377,82856.390625,40377
45000,81289.421875,45000
22495,13347.26855469,22495
17176,95546.84570313,17176
45002,384099.36523438,45002
45004,271499.0234375,45004
45005,151824.93457031,45005
28676,126703.87207031,28676
13337,91096.06640625,13337
45007,0.0,45007
45008,0.0,45008
45010,155321.75292969,45010
45011,0.0,45011
45012,888.37158203,45012
45014,160042.78417969,45014
45015,15788.31445313,45015
26535,63800.44433594,26535
45016,324783.52978516,45016
45018,38652.47827148,45018
10298,57292.12963867,10298
10292,11072.45117188,10292
24035,78766.21826172,24035
10505,28612.79492188,10505
24615,182174.30712891,24615
11833,181786.3215332,11833
34397,115160.10302734,34397
10635,122784.35058594,10635
20576,87813.3828125,20576
11920,84652.32324219,11920
37177,68791.87744141,37177
10840,127591.453125,10840
14043,240117.171875,14043
39437,93831.49682617,39437
11435,75358.86206055,11435
27055,72379.74951172,27055
11248,46197.00292969,11248
15517,104343.70410156,15517
10029,59462.65625,10029
17357,149003.11083984,17357
16516,15914.22119141,16516
11339,134648.75976563,11339
11856,136497.45532227,11856
20897,123902.7578125,20897
37037,7355.30004883,37037
45024,190360.31591797,45024
45025,114304.91210938,45025
10544,71714.47070313,10544
13594,11052.40625,13594
10789,41868.78613281,10789
37297,116215.54296875,37297
32317,9004.77270508,32317
34137,207090.59765625,34137
36337,120363.41064453,36337
45030,0.0,45030
45031,0.0,45031
28976,86040.21875,28976
45032,214238.01025391,45032
13541,119378.24169922,13541
11225,73475.62304688,11225
12215,15827.07958984,12215
11793,7194.20507813,11793
12982,12268.53100586,12982
19355,154230.17578125,19355
12879,120107.09814453,12879
30036,188916.08032227,30036
45037,39472.67871094,45037
36100,125290.54345703,36100
11340,113818.19726563,11340
45038,146338.66674805,45038
19098,61831.82519531,19098
10753,70110.42382813,10753
11220,0.0,11220
36817,116104.74414063,36817
14799,120632.09887695,14799
37637,16704.70678711,37637
45040,254654.48803711,45040
13567,2697.34008789,13567
19396,4962.57568359,19396
12018,7872.10351563,12018
12156,21895.1237793,12156
19395,3268.20874023,19395
12019,9998.79711914,12019
13229,9827.24731445,13229
11533,6425.09716797,11533
15655,34849.35058594,15655
35957,245854.81542969,35957
11238,98942.75097656,11238
40037,128736.65454102,40037
28096,8284.27319336,28096
11405,39109.79101563,11405
39617,31775.20703125,39617
10974,25442.53076172,10974
15403,76928.36499023,15403
45042,29893.10351563,45042
12179,6693.26660156,12179
13242,84201.3046875,13242
45045,757648.33740234,45045
23436,164268.35083008,23436
11771,18584.75610352,11771
10811,45984.83691406,10811
10747,74704.40820313,10747
31577,18000.60839844,31577
10362,0.0,10362
39837,208051.18554688,39837
33117,17894.30078125,33117
11303,159664.41894531,11303
34297,95979.22949219,34297
45046,165407.37988281,45046
45044,77718.32470703,45044
10790,127563.62402344,10790
36119,151233.37695313,36119
26495,140856.37109375,26495
12652,147633.58300781,12652
45047,102289.97363281,45047
45048,115555.71777344,45048
13595,57010.00488281,13595
45049,108907.97558594,45049
13139,163167.93457031,13139
33157,62615.18701172,33157
35657,330083.02734375,35657
11756,4755.58105469,11756
21915,80715.54492188,21915
37057,186078.70507813,37057
29316,0.0,29316
12596,0.0,12596
12595,0.0,12595
10741,0.0,10741
31217,97936.06054688,31217
13226,87313.1496582,13226
13227,6692.0456543,13227
32037,147312.87451172,32037
11651,57728.45239258,11651
13058,9824.62988281,13058
11605,34708.44726563,11605
11272,58135.71386719,11272
32217,65031.296875,32217
45051,101511.90869141,45051
32797,54594.61132813,32797
10837,71683.30957031,10837
19519,3654.60107422,19519
11611,90612.69555664,11611
30837,19882.41479492,30837
12154,14611.25854492,12154
13291,71284.62353516,13291
30560,137153.78173828,30560
33517,138775.16113281,33517
45053,40689.09692383,45053
11543,109765.10961914,11543
45055,40307.06445313,45055
10041,67666.61376953,10041
13499,0.0,13499
27936,0.0,27936
36417,192332.0625,36417
30176,126250.35742188,30176
23056,261636.9140625,23056
28996,50969.84985352,28996
11803,125522.45214844,11803
45058,90308.44213867,45058
45060,276206.72949219,45060
12839,85366.07080078,12839
13554,106303.45019531,13554
33337,157883.46289063,33337
45061,103313.84130859,45061
17177,97853.5612793,17177
11552,9603.55957031,11552
33737,212975.87304688,33737
17575,70596.84545898,17575
33997,165131.91601563,33997
15196,15060.07519531,15196
12127,162784.04003906,12127
11807,158181.2409668,11807
32397,83452.61523438,32397
10087,7856.52441406,10087
31557,329379.89160156,31557
45066,83102.42944336,45066
28296,119296.09179688,28296
10893,95040.74658203,10893
45067,1927.94824219,45067
45068,46384.64355469,45068
45013,119614.1796875,45013
45069,74128.83032227,45069
45070,117262.77636719,45070
11334,120388.00195313,11334
23375,137813.7902832,23375
11193,13891.88769531,11193
11737,20341.1887207,11737
45071,40343.64672852,45071
24535,127699.17089844,24535
45072,59692.68066406,45072
45073,94533.7265625,45073
31338,197272.07519531,31338
22296,90389.34130859,22296
18235,50758.16577148,18235
45076,18262901.6582031,45076
15455,79149.49121094,15455
11365,136204.6328125,11365
38997,90466.10205078,38997
45077,250244.52734375,45077
33797,117894.69506836,33797
38057,22400.50097656,38057
45078,41482.00097656,45078
32277,208126.31982422,32277
10611,102253.01953125,10611
11433,88456.13476563,11433
45079,39270.84521484,45079
45080,88787.54638672,45080
45081,107087.71777344,45081
14018,95464.07885742,14018
11144,137840.42529297,11144
13996,143641.04296875,13996
45083,129283.38769531,45083
11893,153194.22094727,11893
12392,137104.04638672,12392
45084,26667.171875,45084
13036,114136.20336914,13036
26955,104239.71069336,26955
13341,33132.34960938,13341
10898,21328.63769531,10898
45086,40484.07128906,45086
13865,101735.00976563,13865
45087,28544.31201172,45087
45050,92529.34130859,45050
45089,7402.16992188,45089
33237,5859.953125,33237
11644,61261.31030273,11644
12294,79351.15161133,12294
13290,44912.14550781,13290
35617,201161.02929688,35617
13222,43716.00219727,13222
12224,18092.9453125,12224
34737,34350.22973633,34737
45092,119536.18603516,45092
10518,75547.53125,10518
28336,91589.64550781,28336
45003,76445.15673828,45003
10054,138681.89086914,10054
45093,10664.38891602,45093
45017,166287.23535156,45017
14081,95463.96948242,14081
11162,17129.22753906,11162
11571,108625.01342773,11571
32157,56726.77197266,32157
29656,54010.63989258,29656
13225,53171.94140625,13225
10398,146990.75195313,10398
11964,25087.30908203,11964
10447,131966.05273438,10447
45095,70387.65380859,45095
45096,21416.76953125,45096
10113,92825.78173828,10113
10858,140537.44384766,10858
22596,192581.0168457,22596
13629,97676.41235352,13629
45097,105296.54077148,45097
40297,45743.21557617,40297
11684,26694.07983398,11684
45023,90926.90869141,45023
10821,70003.64746094,10821
33477,137773.5703125,33477
45098,112862.08105469,45098
45099,122659.03515625,45099
11687,19633.35205078,11687
13209,24410.73364258,13209
45102,25436.15576172,45102
45103,19799.29199219,45103
12281,157812.09423828,12281
45104,40796.01123047,45104
16497,2167.53149414,16497
30518,40044.20410156,30518
11076,133513.23535156,11076
12047,80484.39160156,12047
45106,96908.8972168,45106
10409,132794.11376953,10409
12594,129828.95117188,12594
30917,52032.04101563,30917
34697,322690.66992188,34697
11355,69415.72851563,11355
45108,69232.67626953,45108
13125,55323.95263672,13125
35977,57759.45947266,35977
13886,144046.88818359,13886
10421,84483.25927734,10421
32537,115364.57617188,32537
13837,127158.67651367,13837
11972,187660.35400391,11972
45114,54559.12304688,45114
12096,1490.07446289,12096
22095,15709.78833008,22095
30717,137481.88232422,30717
13845,193768.11523438,13845
10149,7272.37939453,10149
11351,113810.06542969,11351
45117,111232.87792969,45117
30877,112985.33984375,30877
10332,77231.85351563,10332
39577,31116.2590332,39577
45120,103650.51513672,45120
11689,77315.15405273,11689
45121,56911.83300781,45121
45029,116322.29541016,45029
31457,150382.11914063,31457
13711,52211.61254883,13711
45122,235410.43432617,45122
11652,145256.17358398,11652
12660,88558.625,12660
45123,40200.25634766,45123
20455,121023.51538086,20455
45124,74966.06542969,45124
45127,86541.80908203,45127
31397,183903.140625,31397
45128,50388.03955078,45128
40137,231753.86865234,40137
45129,189253.35742188,45129
36077,191099.54394531,36077
45130,57134.18603516,45130
11913,265576.88989258,11913
11041,120548.77392578,11041
26435,277541.05297852,26435
12048,87652.15014648,12048
11864,33058.73291016,11864
13699,156207.546875,13699
45134,88326.52514648,45134
13503,84824.06640625,13503
12239,70055.3515625,12239
45135,92520.41113281,45135
11719,9066.92626953,11719
39637,42095.86328125,39637
45136,95073.68066406,45136
18898,122067.72998047,18898
13644,161740.32299805,13644
11700,38796.95166016,11700
27476,155899.49804688,27476
10276,71323.65820313,10276
10794,80169.41894531,10794
38897,0.0,38897
13035,7439.02172852,13035
45138,88102.35644531,45138
17235,124392.99072266,17235
45139,94553.19482422,45139
45142,197969.35449219,45142
45141,133902.0769043,45141
11908,30352.53320313,11908
21415,167514.48144531,21415
45143,92298.24755859,45143
39537,133316.79541016,39537
14495,128209.45703125,14495
24155,255612.08398438,24155
12870,102463.7109375,12870
13727,27003.91650391,13727
10803,131907.98828125,10803
45020,138864.16357422,45020
38697,220398.43847656,38697
39997,87451.40722656,39997
45140,120270.10205078,45140
