lice_limit,loc_nr,lice_year
0.5,33437,2017
0.5,30196,2017
0.5,35297,2017
0.5,30977,2017
0.5,15196,2017
0.5,10331,2017
0.5,12067,2017
0.5,12982,2017
0.5,10298,2017
0.5,11756,2017
0.5,13271,2017
0.5,12086,2017
0.5,11416,2017
0.5,13227,2017
0.5,11179,2017
0.5,10319,2017
0.5,11330,2017
0.5,11513,2017
0.5,33457,2017
0.5,11339,2017
0.5,32277,2017
0.5,32297,2017
0.5,33257,2017
0.5,30156,2017
0.5,13563,2017
0.5,13518,2017
0.5,32017,2017
0.5,11793,2017
0.5,29816,2017
0.5,29416,2017
0.5,12085,2017
0.5,11364,2017
0.5,24695,2017
0.5,11119,2017
0.5,10735,2017
0.5,35797,2017
0.5,12668,2017
0.5,20496,2017
0.5,14016,2017
0.5,13254,2017
0.5,32077,2017
0.5,12988,2017
0.5,10870,2017
0.5,12357,2017
0.5,10275,2017
0.5,11800,2017
0.5,26795,2017
0.5,13572,2017
0.5,12730,2017
0.5,29016,2017
0.5,13341,2017
0.5,19395,2017
0.5,32537,2017
0.5,13305,2017
0.5,13873,2017
0.5,11749,2017
0.5,31877,2017
0.5,10862,2017
0.5,18235,2017
0.5,13845,2017
0.5,25055,2017
0.5,12095,2017
0.5,20396,2017
0.5,30397,2017
0.5,13872,2017
0.5,11241,2017
0.5,11930,2017
0.5,12178,2017
0.5,12625,2017
0.5,31317,2017
0.5,22455,2017
0.5,12308,2017
0.5,23436,2017
0.5,34997,2017
0.5,25975,2017
0.5,11340,2017
0.5,29458,2017
0.5,19255,2017
0.5,12156,2017
0.5,31857,2017
0.5,24915,2017
0.5,11399,2017
0.5,10212,2017
0.5,12252,2017
0.5,13209,2017
0.5,13284,2017
0.5,13143,2017
0.5,10256,2017
0.5,11248,2017
0.5,11754,2017
0.5,15796,2017
0.5,20876,2017
0.5,11230,2017
0.5,36417,2017
0.5,12040,2017
0.5,34897,2017
0.5,11488,2017
0.5,33137,2017
0.5,11015,2017
0.5,13205,2017
0.5,12594,2017
0.5,11574,2017
0.5,15621,2017
0.5,28336,2017
0.5,32897,2017
0.5,13765,2017
0.5,33237,2017
0.5,36118,2017
0.5,10223,2017
0.5,10674,2017
0.5,33637,2017
0.5,34197,2017
0.5,12466,2017
0.5,35677,2017
0.5,12237,2017
0.5,13841,2017
0.5,11435,2017
0.5,31038,2017
0.5,11543,2017
0.5,25655,2017
0.5,33537,2017
0.5,11721,2017
0.5,27976,2017
0.5,12361,2017
0.5,11087,2017
0.5,11857,2017
0.5,22035,2017
0.5,11162,2017
0.5,12267,2017
0.5,12007,2017
0.5,32497,2017
0.5,32457,2017
0.5,31137,2017
0.5,35957,2017
0.5,15455,2017
0.5,10757,2017
0.5,11076,2017
0.5,12659,2017
0.5,13229,2017
0.5,21336,2017
0.5,14799,2017
0.5,10110,2017
0.5,10338,2017
0.5,20455,2017
0.5,25135,2017
0.5,26595,2017
0.5,11684,2017
0.5,30097,2017
0.5,33117,2017
0.5,34018,2017
0.5,10505,2017
0.5,35497,2017
0.5,32197,2017
0.5,11644,2017
0.5,35237,2017
0.5,13412,2017
0.5,11381,2017
0.5,21415,2017
0.5,32117,2017
0.5,32157,2017
0.5,12128,2017
0.5,35697,2017
0.5,12033,2017
0.5,13711,2017
0.5,12109,2017
0.5,12574,2017
0.5,14041,2017
0.5,30137,2017
0.5,30597,2017
0.5,19335,2017
0.5,15456,2017
0.5,10045,2017
0.5,34717,2017
0.5,10819,2017
0.5,13870,2017
0.5,34817,2017
0.5,35877,2017
0.5,29537,2017
0.5,30917,2017
0.5,10811,2017
0.5,33077,2017
0.5,32797,2017
0.5,12236,2017
0.5,12879,2017
0.5,11363,2017
0.5,34577,2017
0.5,32677,2017
0.5,10229,2017
0.5,24575,2017
0.5,31797,2017
0.5,12624,2017
0.5,31157,2017
0.5,13624,2017
0.5,11219,2017
0.5,13527,2017
0.5,30737,2017
0.5,11353,2017
0.5,31398,2017
0.5,11433,2017
0.5,14796,2017
0.5,10803,2017
0.5,26775,2017
0.5,32597,2017
0.5,10544,2017
0.5,22515,2017
0.5,11833,2017
0.5,19336,2017
0.5,36138,2017
0.5,25835,2017
0.5,30176,2017
0.5,29296,2017
0.5,13494,2017
0.5,12407,2017
0.5,11355,2017
0.5,25895,2017
0.5,29876,2017
0.5,21335,2017
0.5,21055,2017
0.5,35597,2017
0.5,16939,2017
0.5,33697,2017
0.5,19278,2017
0.5,10880,2017
0.5,11893,2017
0.5,26935,2017
0.5,31437,2017
0.5,19115,2017
0.5,11736,2017
0.5,22015,2017
0.5,11814,2017
0.5,13669,2017
0.5,13058,2017
0.5,10747,2017
0.5,13874,2017
0.5,12891,2017
0.5,31297,2017
0.5,11193,2017
0.5,12078,2017
0.5,11667,2017
0.5,10317,2017
0.5,12396,2017
0.5,13021,2017
0.5,34217,2017
0.5,11198,2017
0.5,26335,2017
0.5,31357,2017
0.5,34357,2017
0.5,20897,2017
0.5,11530,2017
0.5,24315,2017
0.5,13036,2017
0.5,25695,2017
0.5,33617,2017
0.5,10324,2017
0.5,12714,2017
0.5,13852,2017
0.5,20276,2017
0.5,31717,2017
0.5,11365,2017
0.5,10754,2017
0.5,10734,2017
0.5,34617,2017
0.5,32037,2017
0.5,11690,2017
0.5,11907,2017
0.5,11657,2017
0.5,32917,2017
0.5,11559,2017
0.5,11771,2017
0.5,12435,2017
0.5,29096,2017
0.5,17177,2017
0.5,24615,2017
0.5,33597,2017
0.5,12265,2017
0.5,10318,2017
0.5,24735,2017
0.5,33357,2017
0.5,12789,2017
0.5,32317,2017
0.5,33757,2017
0.5,29697,2017
0.5,19995,2017
0.5,22095,2017
0.5,16755,2017
0.5,13949,2017
0.5,13886,2017
0.5,36737,2017
0.5,11318,2017
0.5,18639,2017
0.5,12895,2017
0.5,18717,2017
0.5,13592,2017
0.5,13996,2017
0.5,10783,2017
0.5,31577,2017
0.5,31897,2017
0.5,12011,2017
0.5,36617,2017
0.5,11643,2017
0.5,11511,2017
0.5,26615,2017
0.5,36178,2017
0.5,30257,2017
0.5,11740,2017
0.5,24035,2017
0.5,36778,2017
0.5,13273,2017
0.5,30897,2017
0.5,12896,2017
0.5,10425,2017
0.5,13503,2017
0.5,13838,2017
0.5,32737,2017
0.5,13782,2017
0.5,11969,2017
0.5,11783,2017
0.5,10194,2017
0.5,14679,2017
0.5,12590,2017
0.5,12398,2017
0.5,27376,2017
0.5,11920,2017
0.5,22596,2017
0.5,21957,2017
0.5,13235,2017
0.5,18015,2017
0.5,13119,2017
0.5,21235,2017
0.5,13006,2017
0.5,14136,2017
0.5,26815,2017
0.5,34677,2017
0.5,26955,2017
0.5,33797,2017
0.5,34017,2017
0.5,31177,2017
0.5,10300,2017
0.5,10410,2017
0.5,12036,2017
0.5,10291,2017
0.5,13643,2017
0.5,32417,2017
0.5,15655,2017
0.5,13931,2017
0.5,10808,2017
0.5,10576,2017
0.5,12483,2017
0.5,31257,2017
0.5,35197,2017
0.5,33957,2017
0.5,10536,2017
0.5,12871,2017
0.5,30377,2017
0.5,17176,2017
0.5,11571,2017
0.5,12035,2017
0.5,12897,2017
0.5,32757,2017
0.5,10518,2017
0.5,33218,2017
0.5,13337,2017
0.5,12890,2017
0.5,13784,2017
0.5,13231,2017
0.5,19939,2017
0.5,11786,2017
0.5,21715,2017
0.5,21516,2017
0.5,25235,2017
0.5,10796,2017
0.5,32777,2017
0.5,27856,2017
0.5,11897,2017
0.5,21016,2017
0.5,34397,2017
0.5,11251,2017
0.5,18936,2017
0.5,27095,2017
0.5,12397,2017
0.5,10240,2017
0.5,12115,2017
0.5,29756,2017
0.5,10768,2017
0.5,33057,2017
0.5,13236,2017
0.5,12599,2017
0.5,11957,2017
0.5,11405,2017
0.5,12634,2017
0.5,13654,2017
0.5,12224,2017
0.5,24295,2017
0.5,10876,2017
0.5,14245,2017
0.5,36137,2017
0.5,19977,2017
0.5,11269,2017
0.5,10885,2017
0.5,27176,2017
0.5,33197,2017
0.5,26495,2017
0.5,11665,2017
0.5,30036,2017
0.5,25736,2017
0.5,13783,2017
0.5,11225,2017
0.5,12260,2017
0.5,29656,2017
0.5,13242,2017
0.5,15657,2017
0.5,12348,2017
0.5,13220,2017
0.5,22915,2017
0.5,34797,2017
0.5,27996,2017
0.5,36217,2017
0.5,29576,2017
0.5,12371,2017
0.5,15118,2017
0.5,10087,2017
0.5,31517,2017
0.5,10759,2017
0.5,10560,2017
0.5,10804,2017
0.5,31757,2017
0.5,16281,2017
0.5,12872,2017
0.5,14042,2017
0.5,30437,2017
0.5,16736,2017
0.5,28976,2017
0.5,13225,2017
0.5,31477,2017
0.5,13279,2017
0.5,13297,2017
0.5,12660,2017
0.5,31917,2017
0.5,13573,2017
0.5,11913,2017
0.5,33577,2017
0.5,23755,2017
0.5,11173,2017
0.5,13687,2017
0.5,10409,2017
0.5,13009,2017
0.5,11652,2017
0.5,18275,2017
0.5,36297,2017
0.5,11112,2017
0.5,11689,2017
0.5,12294,2017
0.5,26135,2017
0.5,27015,2017
0.5,32257,2017
0.5,32577,2017
0.5,10723,2017
0.5,24455,2017
0.5,10828,2017
0.5,12215,2017
0.5,10206,2017
0.5,36037,2017
0.5,29476,2017
0.5,10724,2017
0.5,12980,2017
0.5,19755,2017
0.5,33998,2017
0.5,11829,2017
0.5,13339,2017
0.5,18755,2017
0.5,11534,2017
0.5,11763,2017
0.5,13567,2017
0.5,10113,2017
0.5,32598,2017
0.5,13764,2017
0.5,11575,2017
0.5,11201,2017
0.5,29557,2017
0.5,12841,2017
0.5,12855,2017
0.5,19195,2017
0.5,20316,2017
0.5,36797,2017
0.5,10224,2017
0.5,32097,2017
0.5,11809,2017
0.5,30297,2017
0.5,33177,2017
0.5,13803,2017
0.5,12476,2017
0.5,34037,2017
0.5,11719,2017
0.5,10614,2017
0.5,21676,2017
0.5,12239,2017
0.5,25935,2017
0.5,12652,2017
0.5,14040,2017
0.5,11633,2017
0.5,14681,2017
0.5,13222,2017
0.5,13595,2017
0.5,32518,2017
0.5,10837,2017
0.5,32657,2017
0.5,18217,2017
0.5,22775,2017
0.5,19356,2017
0.5,11074,2017
0.5,13831,2017
0.5,12213,2017
0.5,20576,2017
0.5,21337,2017
0.5,35377,2017
0.5,15860,2017
0.5,32217,2017
0.5,24975,2017
0.5,28196,2017
0.5,11714,2017
0.5,10041,2017
0.5,36457,2017
0.5,35997,2017
0.5,13813,2017
0.5,11775,2017
0.5,30216,2017
0.5,12727,2017
0.5,35777,2017
0.5,11803,2017
0.5,20595,2017
0.5,30076,2017
0.5,13234,2017
0.5,34657,2017
0.5,10989,2017
0.5,15460,2017
0.5,10080,2017
0.5,21775,2017
0.5,10898,2017
0.5,12993,2017
0.5,34457,2017
0.5,11928,2017
0.5,11791,2017
0.5,16497,2017
0.5,11116,2017
0.5,24715,2017
0.5,34637,2017
0.5,26295,2017
0.5,12380,2017
0.5,13002,2017
0.5,11238,2017
0.5,13055,2017
0.5,20559,2017
0.5,33557,2017
0.5,28036,2017
0.5,15957,2017
0.5,28476,2017
0.5,11438,2017
0.5,33777,2017
0.5,19355,2017
0.5,11350,2017
0.5,13340,2017
0.5,12744,2017
0.5,26675,2017
0.5,30857,2017
0.5,13699,2017
0.5,12870,2017
0.5,19098,2017
0.5,34257,2017
0.5,23056,2017
0.5,14086,2017
0.5,35977,2017
0.5,10990,2017
0.5,36497,2017
0.5,10840,2017
0.5,13317,2017
0.5,10262,2017
0.5,10823,2017
0.5,12392,2017
0.5,29056,2017
0.5,28396,2017
0.5,12212,2017
0.5,12966,2017
0.5,29996,2017
0.5,14076,2017
0.5,35317,2017
0.5,14039,2017
0.5,11410,2017
0.5,13876,2017
0.5,12022,2017
0.5,14435,2017
0.5,28996,2017
0.5,16216,2017
0.5,13549,2017
0.5,36757,2017
0.5,14043,2017
0.5,10292,2017
0.5,12978,2017
0.5,33337,2017
0.5,32057,2017
0.5,12385,2017
0.5,12633,2017
0.5,12127,2017
0.5,35477,2017
0.5,10232,2017
0.5,12370,2017
0.5,12134,2017
0.5,32977,2017
0.5,13550,2017
0.5,10611,2017
0.5,13685,2017
0.5,15516,2017
0.5,11807,2017
0.5,10814,2017
0.5,13139,2017
0.5,22555,2017
0.5,10137,2017
0.5,36117,2017
0.5,10447,2017
0.5,31637,2017
0.5,28956,2017
0.5,12904,2017
0.5,21397,2017
0.5,13541,2017
0.5,34277,2017
0.5,29596,2017
0.5,10078,2017
0.5,12047,2017
0.5,26435,2017
0.5,36257,2017
0.5,34057,2017
0.5,11772,2017
0.5,13293,2017
0.5,33837,2017
0.5,36077,2017
0.5,12107,2017
0.5,10877,2017
0.5,10794,2017
0.5,29516,2017
0.5,30157,2017
0.5,33657,2017
0.5,10858,2017
0.5,35617,2017
0.5,13629,2017
0.5,27215,2017
0.5,11332,2017
0.5,33997,2017
0.5,29957,2017
0.5,11864,2017
0.5,10303,2017
0.5,10978,2017
0.5,10213,2017
0.5,34477,2017
0.5,13221,2017
0.5,11611,2017
0.5,24937,2017
0.5,10513,2017
0.5,13965,2017
0.5,17576,2017
0.5,15659,2017
0.5,11041,2017
0.5,10375,2017
0.5,23816,2017
0.5,14495,2017
0.5,11129,2017
0.5,26315,2017
0.5,10791,2017
0.5,19457,2017
0.5,33937,2017
0.5,35897,2017
0.5,33297,2017
0.5,13020,2017
0.5,24495,2017
0.5,34537,2017
0.5,11922,2017
0.5,27055,2017
0.5,11168,2017
0.5,11537,2017
0.5,10181,2017
0.5,31697,2017
0.5,11272,2017
0.5,30559,2017
0.5,14019,2017
0.5,11320,2017
0.5,10795,2017
0.5,33737,2017
0.5,27876,2017
0.5,10790,2017
0.5,15403,2017
0.5,22995,2017
0.5,11908,2017
0.5,28676,2017
0.5,12071,2017
0.5,12383,2017
0.5,10136,2017
0.5,10197,2017
0.5,19875,2017
0.5,17235,2017
0.5,30518,2017
0.5,12394,2017
0.5,24696,2017
0.5,11088,2017
0.5,13888,2017
0.5,12179,2017
0.5,19655,2017
0.5,10050,2017
0.5,13691,2017
0.5,13959,2017
0.5,11205,2017
0.5,31397,2017
0.5,13345,2017
0.5,11738,2017
0.5,13554,2017
0.5,20315,2017
0.5,11378,2017
0.5,11164,2017
0.5,34697,2017
0.5,33417,2017
0.5,33517,2017
0.5,11854,2017
0.5,10841,2017
0.5,13786,2017
0.5,18255,2017
0.5,11688,2017
0.5,11972,2017
0.5,19556,2017
0.5,10149,2017
0.5,30637,2017
0.5,10806,2017
0.5,10873,2017
0.5,10996,2017
0.5,11651,2017
0.5,13581,2017
0.5,11687,2017
0.5,12366,2017
0.5,28636,2017
0.5,31959,2017
0.5,31958,2017
0.5,30817,2017
0.5,13867,2017
0.5,12406,2017
0.5,32997,2017
0.5,33477,2017
0.5,31777,2017
0.5,29116,2017
0.5,10086,2017
0.5,11072,2017
0.5,22796,2017
0.5,17357,2017
0.5,29896,2017
0.5,10893,2017
0.5,30657,2017
0.5,27395,2017
0.5,12784,2017
0.5,11964,2017
0.5,14795,2017
0.5,12832,2017
0.5,21495,2017
0.5,21176,2017
0.5,10822,2017
0.5,13804,2017
0.5,12281,2017
0.5,12867,2017
0.5,29276,2017
0.5,12209,2017
0.5,19517,2017
0.5,12018,2017
0.5,12003,2017
0.5,12126,2017
0.5,11122,2017
0.5,10475,2017
0.5,11883,2017
0.5,11770,2017
0.5,31097,2017
0.5,12298,2017
0.5,13887,2017
0.5,12794,2017
0.5,13612,2017
0.5,16015,2017
0.5,35737,2017
0.5,13249,2017
0.5,32137,2017
0.5,10328,2017
0.5,30957,2017
0.5,13597,2017
0.5,34857,2017
0.5,12973,2017
0.5,12019,2017
0.5,13748,2017
0.5,11856,2017
0.5,11413,2017
0.5,20096,2017
0.5,31677,2017
0.5,13296,2017
0.5,12884,2017
0.5,35417,2017
0.5,19135,2017
0.5,11888,2017
0.5,28416,2017
0.5,13243,2017
0.5,15462,2017
0.5,13035,2017
0.5,11758,2017
0.5,33317,2017
0.5,19855,2017
0.5,17015,2017
0.5,34597,2017
0.5,10398,2017
0.5,13706,2017
0.5,36517,2017
0.5,12390,2017
0.5,30877,2017
0.5,12844,2017
0.5,12244,2017
0.5,33017,2017
0.5,25735,2017
0.5,24115,2017
0.5,13530,2017
0.5,12892,2017
0.5,18898,2017
0.5,20515,2017
0.5,11138,2017
0.5,20796,2017
0.5,10550,2017
0.5,10216,2017
0.5,32357,2017
0.5,34137,2017
0.5,11357,2017
0.5,31457,2017
0.5,16255,2017
0.5,21795,2017
0.5,14976,2017
0.5,34117,2017
0.5,19635,2017
0.5,28856,2017
0.5,22315,2017
0.5,12048,2017
0.5,11966,2017
0.5,10660,2017
0.5,11861,2017
0.5,26196,2017
0.5,11216,2017
0.5,36177,2017
0.5,20115,2017
0.5,12158,2017
0.5,11334,2017
0.5,27737,2017
0.5,33097,2017
0.5,30757,2017
0.5,30117,2017
0.5,27956,2017
0.5,28796,2017
0.5,13531,2017
0.5,33157,2017
0.5,28296,2017
0.5,10961,2017
0.5,11737,2017
0.5,11640,2017
0.5,25896,2017
0.5,32877,2017
0.5,12108,2017
0.5,12192,2017
0.5,23695,2017
0.5,11326,2017
0.5,18657,2017
0.5,12705,2017
0.5,30997,2017
0.5,31117,2017
0.5,15236,2017
0.5,11273,2017
0.5,14676,2017
0.5,28096,2017
0.5,26155,2017
0.5,28316,2017
0.5,13000,2017
0.5,11811,2017
0.5,24456,2017
0.5,30417,2017
0.5,10838,2017
0.5,20815,2017
0.5,12712,2017
0.5,32237,2017
0.5,11939,2017
0.5,13724,2017
0.5,35337,2017
0.5,29356,2017
0.5,12154,2017
0.5,11959,2017
0.5,27476,2017
0.5,11605,2017
0.5,13291,2017
0.5,27436,2017
0.5,13032,2017
0.5,10276,2017
0.5,19915,2017
0.5,23375,2017
0.5,15375,2017
0.5,35318,2017
0.5,36017,2017
0.5,13936,2017
0.5,13915,2017
0.5,13865,2017
0.5,34297,2017
0.5,28896,2017
0.5,32697,2017
0.5,30537,2017
0.5,13708,2017
0.5,10825,2017
0.5,13290,2017
0.5,11525,2017
0.5,31217,2017
0.5,11486,2017
0.5,19015,2017
0.5,11649,2017
0.5,12965,2017
0.5,15956,2017
0.5,10417,2017
0.5,10974,2017
0.5,36099,2017
0.5,10839,2017
0.5,10281,2017
0.5,10789,2017
0.5,11971,2017
0.5,19519,2017
0.5,30217,2017
0.5,11700,2017
0.5,35817,2017
0.5,11492,2017
0.5,13593,2017
0.5,24535,2017
0.5,10311,2017
0.5,11290,2017
0.5,20776,2017
0.5,11301,2017
0.5,11298,2017
0.5,31338,2017
0.5,19016,2017
0.5,13566,2017
0.5,13124,2017
0.5,13316,2017
0.5,13125,2017
0.5,15461,2017
0.5,22335,2017
0.5,32397,2017
0.5,10552,2017
0.5,23055,2017
0.5,10421,2017
0.5,11858,2017
0.5,13892,2017
0.5,10753,2017
0.5,12081,2017
0.5,22435,2017
0.5,26235,2017
0.5,11552,2017
0.5,11206,2017
0.5,36100,2017
0.5,19396,2017
0.5,29376,2017
0.5,10798,2017
0.5,11312,2017
0.5,31817,2017
0.5,12074,2017
0.5,11776,2017
0.5,13727,2017
0.5,11813,2017
0.5,11144,2017
0.5,22955,2017
0.5,13196,2017
0.5,10309,2017
0.5,20577,2017
0.5,10582,2017
0.5,16165,2017
0.5,26575,2017
0.5,13057,2017
0.5,29776,2017
0.5,21755,2017
0.5,12449,2017
0.5,13644,2017
0.5,12268,2017
0.5,12662,2017
0.5,15517,2017
0.5,25815,2017
0.5,28916,2017
0.5,20075,2017
0.5,31077,2017
0.5,10054,2017
0.5,11414,2017
0.5,10635,2017
0.5,17575,2017
0.5,26055,2017
0.5,30236,2017
0.5,30837,2017
0.5,30177,2017
0.5,12114,2017
0.5,33677,2017
0.5,34917,2017
0.5,31497,2017
0.5,14018,2017
0.5,29336,2017
0.5,30517,2017
0.5,32717,2017
0.5,10090,2017
0.5,17077,2017
0.5,32857,2017
0.5,30560,2017
0.5,13677,2017
0.5,13594,2017
0.5,11351,2017
0.5,10332,2017
0.5,10029,2017
0.5,10147,2017
0.5,25855,2017
0.5,10821,2017
0.5,14081,2017
0.5,30717,2017
0.5,12077,2017
0.5,13562,2017
0.5,10570,2017
0.5,10726,2017
0.5,13570,2017
0.5,13720,2017
0.5,12102,2017
0.5,34737,2017
0.5,32437,2017
0.5,32837,2017
0.5,11533,2017
0.5,24135,2017
0.5,14678,2017
0.5,35517,2017
0.5,22495,2017
0.5,24197,2017
0.5,10677,2017
0.5,10091,2017
0.5,31557,2017
0.5,13522,2017
0.5,35657,2017
0.5,10968,2017
0.5,36337,2017
0.5,36317,2017
0.5,12303,2017
0.5,11137,2017
0.5,18117,2017
0.5,11728,2017
0.5,13047,2017
0.5,12678,2017
0.5,10504,2017
0.5,11303,2017
0.5,32637,2017
0.5,32337,2017
0.5,35838,2017
0.5,13837,2017
0.5,33497,2017
0.5,11385,2017
0.5,12885,2017
0.5,13704,2017
0.5,27315,2017
0.5,36717,2017
0.5,11252,2017
0.5,12839,2017
0.5,13226,2017
0.5,19235,2017
0.5,11315,2017
0.5,10616,2017
0.5,11925,2017
0.5,13246,2017
0.5,12334,2017
0.5,36237,2017
0.5,17495,2017
0.5,29936,2017
0.5,13306,2017
0.5,13016,2017
0.5,24155,2017
0.5,32617,2017
0.5,24175,2017
0.5,20176,2017
0.5,11338,2017
0.5,29417,2017
0.5,33437,2018
0.5,30196,2018
0.5,35297,2018
0.5,30977,2018
0.5,15196,2018
0.5,10331,2018
0.5,12067,2018
0.5,12982,2018
0.5,10298,2018
0.5,11756,2018
0.5,13271,2018
0.5,12086,2018
0.5,11416,2018
0.5,13227,2018
0.5,11179,2018
0.5,10319,2018
0.5,11330,2018
0.5,11513,2018
0.5,38037,2018
0.5,33457,2018
0.5,11339,2018
0.5,32277,2018
0.5,32297,2018
0.5,33257,2018
0.5,30156,2018
0.5,13563,2018
0.5,13518,2018
0.5,32017,2018
0.5,11793,2018
0.5,29816,2018
0.5,29416,2018
0.5,12085,2018
0.5,11364,2018
0.5,24695,2018
0.5,11119,2018
0.5,10735,2018
0.5,35797,2018
0.5,12668,2018
0.5,20496,2018
0.5,14016,2018
0.5,13254,2018
0.5,12988,2018
0.5,10870,2018
0.5,12357,2018
0.5,10275,2018
0.5,11800,2018
0.5,26795,2018
0.5,13572,2018
0.5,12730,2018
0.5,29016,2018
0.5,13341,2018
0.5,19395,2018
0.5,32537,2018
0.5,13305,2018
0.5,13873,2018
0.5,11749,2018
0.5,31877,2018
0.5,10862,2018
0.5,18235,2018
0.5,13845,2018
0.5,25055,2018
0.5,12095,2018
0.5,20396,2018
0.5,30397,2018
0.5,13872,2018
0.5,11241,2018
0.5,11930,2018
0.5,12178,2018
0.5,31738,2018
0.5,12625,2018
0.5,31317,2018
0.5,22455,2018
0.5,12308,2018
0.5,23436,2018
0.5,34997,2018
0.5,11340,2018
0.5,29458,2018
0.5,19255,2018
0.5,12156,2018
0.5,31857,2018
0.5,24915,2018
0.5,11399,2018
0.5,10212,2018
0.5,12252,2018
0.5,13209,2018
0.5,13284,2018
0.5,13143,2018
0.5,10256,2018
0.5,11248,2018
0.5,11754,2018
0.5,37237,2018
0.5,15796,2018
0.5,20876,2018
0.5,11230,2018
0.5,36417,2018
0.5,12040,2018
0.5,34897,2018
0.5,11488,2018
0.5,33137,2018
0.5,11015,2018
0.5,13205,2018
0.5,37157,2018
0.5,12594,2018
0.5,11574,2018
0.5,15621,2018
0.5,28336,2018
0.5,32897,2018
0.5,13765,2018
0.5,33237,2018
0.5,36118,2018
0.5,10223,2018
0.5,10674,2018
0.5,33637,2018
0.5,34197,2018
0.5,37357,2018
0.5,12466,2018
0.5,35677,2018
0.5,12237,2018
0.5,13841,2018
0.5,11435,2018
0.5,31038,2018
0.5,11543,2018
0.5,25655,2018
0.5,33537,2018
0.5,11721,2018
0.5,27976,2018
0.5,12361,2018
0.5,11087,2018
0.5,11857,2018
0.5,22035,2018
0.5,11162,2018
0.5,37217,2018
0.5,12007,2018
0.5,32497,2018
0.5,32457,2018
0.5,31137,2018
0.5,35957,2018
0.5,15455,2018
0.5,37557,2018
0.5,10757,2018
0.5,11076,2018
0.5,12659,2018
0.5,13229,2018
0.5,21336,2018
0.5,14799,2018
0.5,10110,2018
0.5,10338,2018
0.5,20455,2018
0.5,25135,2018
0.5,26595,2018
0.5,11684,2018
0.5,37177,2018
0.5,30097,2018
0.5,33117,2018
0.5,34018,2018
0.5,10505,2018
0.5,36917,2018
0.5,35497,2018
0.5,32197,2018
0.5,11644,2018
0.5,35237,2018
0.5,13412,2018
0.5,11381,2018
0.5,21415,2018
0.5,32117,2018
0.5,32157,2018
0.5,12128,2018
0.5,35697,2018
0.5,12033,2018
0.5,13711,2018
0.5,12109,2018
0.5,12574,2018
0.5,14041,2018
0.5,30137,2018
0.5,30597,2018
0.5,19335,2018
0.5,15456,2018
0.5,10045,2018
0.5,34717,2018
0.5,10819,2018
0.5,13870,2018
0.5,34817,2018
0.5,35877,2018
0.5,29537,2018
0.5,30917,2018
0.5,10811,2018
0.5,33077,2018
0.5,32797,2018
0.5,12236,2018
0.5,12879,2018
0.5,11363,2018
0.5,34577,2018
0.5,32677,2018
0.5,10229,2018
0.5,37437,2018
0.5,24575,2018
0.5,31797,2018
0.5,12624,2018
0.5,31157,2018
0.5,13624,2018
0.5,13527,2018
0.5,11353,2018
0.5,31398,2018
0.5,11433,2018
0.5,14796,2018
0.5,10803,2018
0.5,26775,2018
0.5,32597,2018
0.5,10544,2018
0.5,22515,2018
0.5,11833,2018
0.5,19336,2018
0.5,36138,2018
0.5,25835,2018
0.5,30176,2018
0.5,29296,2018
0.5,13494,2018
0.5,12407,2018
0.5,11355,2018
0.5,25895,2018
0.5,29876,2018
0.5,21335,2018
0.5,21055,2018
0.5,35597,2018
0.5,16939,2018
0.5,33697,2018
0.5,19278,2018
0.5,10880,2018
0.5,11893,2018
0.5,26935,2018
0.5,31437,2018
0.5,19115,2018
0.5,11736,2018
0.5,22015,2018
0.5,11814,2018
0.5,13669,2018
0.5,13058,2018
0.5,10747,2018
0.5,13874,2018
0.5,12891,2018
0.5,31297,2018
0.5,11193,2018
0.5,12078,2018
0.5,11667,2018
0.5,10317,2018
0.5,13021,2018
0.5,34217,2018
0.5,11198,2018
0.5,26335,2018
0.5,31357,2018
0.5,34357,2018
0.5,20897,2018
0.5,11530,2018
0.5,24315,2018
0.5,24196,2018
0.5,13036,2018
0.5,25695,2018
0.5,33617,2018
0.5,10324,2018
0.5,12714,2018
0.5,13852,2018
0.5,31717,2018
0.5,11365,2018
0.5,10754,2018
0.5,10734,2018
0.5,34617,2018
0.5,32037,2018
0.5,11690,2018
0.5,11907,2018
0.5,11657,2018
0.5,32917,2018
0.5,11559,2018
0.5,11771,2018
0.5,12435,2018
0.5,29096,2018
0.5,17177,2018
0.5,24615,2018
0.5,33597,2018
0.5,12265,2018
0.5,10318,2018
0.5,24735,2018
0.5,33357,2018
0.5,12789,2018
0.5,32317,2018
0.5,33757,2018
0.5,29697,2018
0.5,19995,2018
0.5,22095,2018
0.5,16755,2018
0.5,13949,2018
0.5,13886,2018
0.5,36737,2018
0.5,11318,2018
0.5,36937,2018
0.5,18639,2018
0.5,12895,2018
0.5,18717,2018
0.5,13592,2018
0.5,13996,2018
0.5,10783,2018
0.5,38057,2018
0.5,31577,2018
0.5,12011,2018
0.5,36617,2018
0.5,11643,2018
0.5,11511,2018
0.5,26615,2018
0.5,36178,2018
0.5,30257,2018
0.5,11740,2018
0.5,24035,2018
0.5,36778,2018
0.5,30897,2018
0.5,12896,2018
0.5,10425,2018
0.5,13503,2018
0.5,13838,2018
0.5,32737,2018
0.5,13782,2018
0.5,11969,2018
0.5,11783,2018
0.5,10194,2018
0.5,14679,2018
0.5,12590,2018
0.5,27376,2018
0.5,11920,2018
0.5,22596,2018
0.5,21957,2018
0.5,13235,2018
0.5,18015,2018
0.5,13119,2018
0.5,21235,2018
0.5,13006,2018
0.5,14136,2018
0.5,26815,2018
0.5,34677,2018
0.5,26955,2018
0.5,33797,2018
0.5,34017,2018
0.5,31177,2018
0.5,10300,2018
0.5,10410,2018
0.5,12036,2018
0.5,10291,2018
0.5,13643,2018
0.5,32417,2018
0.5,15655,2018
0.5,13931,2018
0.5,10808,2018
0.5,12483,2018
0.5,31257,2018
0.5,35197,2018
0.5,33957,2018
0.5,38097,2018
0.5,10536,2018
0.5,12871,2018
0.5,30377,2018
0.5,17176,2018
0.5,11571,2018
0.5,12035,2018
0.5,12897,2018
0.5,32757,2018
0.5,10518,2018
0.5,33218,2018
0.5,13337,2018
0.5,12890,2018
0.5,13784,2018
0.5,19939,2018
0.5,11786,2018
0.5,21715,2018
0.5,21516,2018
0.5,25235,2018
0.5,10796,2018
0.5,32777,2018
0.5,27856,2018
0.5,11897,2018
0.5,21016,2018
0.5,34397,2018
0.5,11251,2018
0.5,18936,2018
0.5,27095,2018
0.5,10240,2018
0.5,12115,2018
0.5,29756,2018
0.5,10768,2018
0.5,33057,2018
0.5,13236,2018
0.5,12599,2018
0.5,11957,2018
0.5,11405,2018
0.5,12634,2018
0.5,13654,2018
0.5,12224,2018
0.5,24295,2018
0.5,10876,2018
0.5,14245,2018
0.5,36137,2018
0.5,19977,2018
0.5,11269,2018
0.5,10885,2018
0.5,27176,2018
0.5,33197,2018
0.5,26495,2018
0.5,11665,2018
0.5,30036,2018
0.5,25736,2018
0.5,13783,2018
0.5,11225,2018
0.5,12260,2018
0.5,29656,2018
0.5,13242,2018
0.5,15657,2018
0.5,12348,2018
0.5,13220,2018
0.5,22915,2018
0.5,34797,2018
0.5,27996,2018
0.5,36217,2018
0.5,29576,2018
0.5,12371,2018
0.5,15118,2018
0.5,10087,2018
0.5,31517,2018
0.5,10759,2018
0.5,36817,2018
0.5,10560,2018
0.5,10804,2018
0.5,31757,2018
0.5,16281,2018
0.5,12872,2018
0.5,14042,2018
0.5,30437,2018
0.5,16736,2018
0.5,28976,2018
0.5,13225,2018
0.5,31477,2018
0.5,13279,2018
0.5,13297,2018
0.5,12660,2018
0.5,31917,2018
0.5,13573,2018
0.5,11913,2018
0.5,33577,2018
0.5,23755,2018
0.5,11173,2018
0.5,13687,2018
0.5,10409,2018
0.5,13009,2018
0.5,11652,2018
0.5,18275,2018
0.5,36297,2018
0.5,11112,2018
0.5,11689,2018
0.5,12294,2018
0.5,26135,2018
0.5,27015,2018
0.5,32257,2018
0.5,32577,2018
0.5,10723,2018
0.5,24455,2018
0.5,10828,2018
0.5,12215,2018
0.5,10206,2018
0.5,36037,2018
0.5,29476,2018
0.5,10724,2018
0.5,12980,2018
0.5,19755,2018
0.5,33998,2018
0.5,11829,2018
0.5,13339,2018
0.5,18755,2018
0.5,11534,2018
0.5,11763,2018
0.5,13567,2018
0.5,10113,2018
0.5,32598,2018
0.5,13764,2018
0.5,11575,2018
0.5,11201,2018
0.5,29557,2018
0.5,12841,2018
0.5,12855,2018
0.5,19195,2018
0.5,20316,2018
0.5,36797,2018
0.5,10224,2018
0.5,32097,2018
0.5,11809,2018
0.5,30297,2018
0.5,33177,2018
0.5,13803,2018
0.5,12476,2018
0.5,34037,2018
0.5,16055,2018
0.5,11719,2018
0.5,10614,2018
0.5,21676,2018
0.5,12239,2018
0.5,25935,2018
0.5,12652,2018
0.5,14040,2018
0.5,11633,2018
0.5,14681,2018
0.5,13222,2018
0.5,13595,2018
0.5,32518,2018
0.5,10837,2018
0.5,32657,2018
0.5,18217,2018
0.5,22775,2018
0.5,19356,2018
0.5,11074,2018
0.5,13831,2018
0.5,12213,2018
0.5,20576,2018
0.5,21337,2018
0.5,35377,2018
0.5,15860,2018
0.5,32217,2018
0.5,24975,2018
0.5,28196,2018
0.5,11714,2018
0.5,10041,2018
0.5,36457,2018
0.5,35997,2018
0.5,13813,2018
0.5,11775,2018
0.5,30216,2018
0.5,12727,2018
0.5,35777,2018
0.5,11803,2018
0.5,20595,2018
0.5,30076,2018
0.5,13234,2018
0.5,34657,2018
0.5,10989,2018
0.5,15460,2018
0.5,10080,2018
0.5,10898,2018
0.5,12993,2018
0.5,34457,2018
0.5,11928,2018
0.5,11791,2018
0.5,16497,2018
0.5,11116,2018
0.5,24715,2018
0.5,34637,2018
0.5,26295,2018
0.5,12380,2018
0.5,13002,2018
0.5,11238,2018
0.5,13055,2018
0.5,20559,2018
0.5,33557,2018
0.5,28036,2018
0.5,37297,2018
0.5,15957,2018
0.5,28476,2018
0.5,11438,2018
0.5,33777,2018
0.5,19355,2018
0.5,11350,2018
0.5,13340,2018
0.5,12744,2018
0.5,26675,2018
0.5,30857,2018
0.5,13699,2018
0.5,12870,2018
0.5,19098,2018
0.5,34257,2018
0.5,23056,2018
0.5,14086,2018
0.5,35977,2018
0.5,10990,2018
0.5,36497,2018
0.5,10840,2018
0.5,13317,2018
0.5,10262,2018
0.5,10823,2018
0.5,12392,2018
0.5,29056,2018
0.5,28396,2018
0.5,12212,2018
0.5,12966,2018
0.5,29996,2018
0.5,14076,2018
0.5,35317,2018
0.5,14039,2018
0.5,11410,2018
0.5,13876,2018
0.5,12022,2018
0.5,14435,2018
0.5,28996,2018
0.5,16216,2018
0.5,13549,2018
0.5,36757,2018
0.5,14043,2018
0.5,10292,2018
0.5,12978,2018
0.5,33337,2018
0.5,32057,2018
0.5,12385,2018
0.5,12633,2018
0.5,12127,2018
0.5,35477,2018
0.5,10232,2018
0.5,12370,2018
0.5,12134,2018
0.5,32977,2018
0.5,13550,2018
0.5,10611,2018
0.5,13685,2018
0.5,15516,2018
0.5,11807,2018
0.5,10814,2018
0.5,13139,2018
0.5,22555,2018
0.5,10137,2018
0.5,21915,2018
0.5,36117,2018
0.5,10447,2018
0.5,31637,2018
0.5,28956,2018
0.5,12904,2018
0.5,21397,2018
0.5,13541,2018
0.5,34277,2018
0.5,29596,2018
0.5,10078,2018
0.5,12047,2018
0.5,26435,2018
0.5,36257,2018
0.5,37057,2018
0.5,34057,2018
0.5,11772,2018
0.5,13293,2018
0.5,33837,2018
0.5,36077,2018
0.5,12107,2018
0.5,10877,2018
0.5,10794,2018
0.5,29516,2018
0.5,30157,2018
0.5,33657,2018
0.5,10858,2018
0.5,35617,2018
0.5,13629,2018
0.5,36877,2018
0.5,27215,2018
0.5,11332,2018
0.5,33997,2018
0.5,29957,2018
0.5,11864,2018
0.5,10303,2018
0.5,10978,2018
0.5,10213,2018
0.5,34477,2018
0.5,13221,2018
0.5,11611,2018
0.5,24937,2018
0.5,10513,2018
0.5,13965,2018
0.5,17576,2018
0.5,15659,2018
0.5,11041,2018
0.5,10375,2018
0.5,23816,2018
0.5,14495,2018
0.5,11129,2018
0.5,26315,2018
0.5,10791,2018
0.5,19457,2018
0.5,33937,2018
0.5,35897,2018
0.5,33297,2018
0.5,13020,2018
0.5,24495,2018
0.5,34537,2018
0.5,11922,2018
0.5,27055,2018
0.5,11168,2018
0.5,11537,2018
0.5,37077,2018
0.5,10181,2018
0.5,31697,2018
0.5,11272,2018
0.5,30559,2018
0.5,14019,2018
0.5,11320,2018
0.5,10795,2018
0.5,33737,2018
0.5,27876,2018
0.5,10790,2018
0.5,15403,2018
0.5,22995,2018
0.5,11908,2018
0.5,28676,2018
0.5,12071,2018
0.5,12383,2018
0.5,10136,2018
0.5,10197,2018
0.5,19875,2018
0.5,17235,2018
0.5,30518,2018
0.5,12394,2018
0.5,24696,2018
0.5,11088,2018
0.5,13888,2018
0.5,12179,2018
0.5,19655,2018
0.5,10050,2018
0.5,13691,2018
0.5,13959,2018
0.5,11205,2018
0.5,31397,2018
0.5,13345,2018
0.5,11738,2018
0.5,13554,2018
0.5,20315,2018
0.5,11378,2018
0.5,11164,2018
0.5,34697,2018
0.5,33417,2018
0.5,33517,2018
0.5,11854,2018
0.5,10841,2018
0.5,13786,2018
0.5,18255,2018
0.5,11688,2018
0.5,11972,2018
0.5,19556,2018
0.5,10149,2018
0.5,30637,2018
0.5,10806,2018
0.5,10873,2018
0.5,10996,2018
0.5,11651,2018
0.5,13581,2018
0.5,11687,2018
0.5,12366,2018
0.5,28636,2018
0.5,31959,2018
0.5,31958,2018
0.5,30817,2018
0.5,13867,2018
0.5,12406,2018
0.5,32997,2018
0.5,33477,2018
0.5,31777,2018
0.5,29116,2018
0.5,37097,2018
0.5,10086,2018
0.5,11072,2018
0.5,22796,2018
0.5,17357,2018
0.5,29896,2018
0.5,10893,2018
0.5,30657,2018
0.5,27395,2018
0.5,12784,2018
0.5,11964,2018
0.5,14795,2018
0.5,12832,2018
0.5,21495,2018
0.5,21176,2018
0.5,10822,2018
0.5,13804,2018
0.5,12281,2018
0.5,12867,2018
0.5,29276,2018
0.5,12209,2018
0.5,19517,2018
0.5,12018,2018
0.5,12003,2018
0.5,12126,2018
0.5,11122,2018
0.5,10475,2018
0.5,11883,2018
0.5,11770,2018
0.5,31097,2018
0.5,12298,2018
0.5,13887,2018
0.5,37197,2018
0.5,12794,2018
0.5,13612,2018
0.5,16015,2018
0.5,37037,2018
0.5,35737,2018
0.5,13249,2018
0.5,32137,2018
0.5,10328,2018
0.5,30957,2018
0.5,13597,2018
0.5,34857,2018
0.5,12973,2018
0.5,12019,2018
0.5,13748,2018
0.5,11856,2018
0.5,11413,2018
0.5,20096,2018
0.5,31677,2018
0.5,13296,2018
0.5,12884,2018
0.5,35417,2018
0.5,19135,2018
0.5,11888,2018
0.5,28416,2018
0.5,13243,2018
0.5,15462,2018
0.5,13035,2018
0.5,11758,2018
0.5,33317,2018
0.5,19855,2018
0.5,17015,2018
0.5,34597,2018
0.5,10398,2018
0.5,13706,2018
0.5,36517,2018
0.5,30877,2018
0.5,12844,2018
0.5,12244,2018
0.5,33017,2018
0.5,25735,2018
0.5,24115,2018
0.5,13530,2018
0.5,12892,2018
0.5,18898,2018
0.5,20515,2018
0.5,11138,2018
0.5,20796,2018
0.5,10550,2018
0.5,10216,2018
0.5,32357,2018
0.5,34137,2018
0.5,11357,2018
0.5,31457,2018
0.5,16255,2018
0.5,21795,2018
0.5,14976,2018
0.5,34117,2018
0.5,19635,2018
0.5,28856,2018
0.5,22315,2018
0.5,12048,2018
0.5,11966,2018
0.5,10660,2018
0.5,11861,2018
0.5,26196,2018
0.5,36177,2018
0.5,20115,2018
0.5,12158,2018
0.5,11334,2018
0.5,27737,2018
0.5,33097,2018
0.5,37797,2018
0.5,30757,2018
0.5,30117,2018
0.5,27956,2018
0.5,28796,2018
0.5,13531,2018
0.5,33157,2018
0.5,28296,2018
0.5,10961,2018
0.5,11737,2018
0.5,11640,2018
0.5,25896,2018
0.5,32877,2018
0.5,12108,2018
0.5,12192,2018
0.5,23695,2018
0.5,11326,2018
0.5,18657,2018
0.5,12705,2018
0.5,30997,2018
0.5,31117,2018
0.5,15236,2018
0.5,11273,2018
0.5,14676,2018
0.5,28096,2018
0.5,26155,2018
0.5,28316,2018
0.5,13000,2018
0.5,11811,2018
0.5,24456,2018
0.5,30417,2018
0.5,10838,2018
0.5,20815,2018
0.5,12712,2018
0.5,32237,2018
0.5,11939,2018
0.5,35337,2018
0.5,29356,2018
0.5,12154,2018
0.5,27476,2018
0.5,11605,2018
0.5,13291,2018
0.5,27436,2018
0.5,13032,2018
0.5,10276,2018
0.5,19915,2018
0.5,23375,2018
0.5,15375,2018
0.5,35318,2018
0.5,36017,2018
0.5,13936,2018
0.5,13915,2018
0.5,13865,2018
0.5,34297,2018
0.5,28896,2018
0.5,32697,2018
0.5,30537,2018
0.5,13708,2018
0.5,10825,2018
0.5,37577,2018
0.5,13290,2018
0.5,11525,2018
0.5,31217,2018
0.5,19015,2018
0.5,11649,2018
0.5,12965,2018
0.5,15956,2018
0.5,10417,2018
0.5,10974,2018
0.5,36099,2018
0.5,10839,2018
0.5,10281,2018
0.5,10789,2018
0.5,11971,2018
0.5,19519,2018
0.5,30217,2018
0.5,11700,2018
0.5,35817,2018
0.5,11492,2018
0.5,13593,2018
0.5,24535,2018
0.5,10311,2018
0.5,11290,2018
0.5,20776,2018
0.5,11298,2018
0.5,38017,2018
0.5,31338,2018
0.5,19016,2018
0.5,13566,2018
0.5,13124,2018
0.5,13316,2018
0.5,13125,2018
0.5,15461,2018
0.5,22335,2018
0.5,32397,2018
0.5,10552,2018
0.5,23055,2018
0.5,10421,2018
0.5,10753,2018
0.5,12081,2018
0.5,22435,2018
0.5,26235,2018
0.5,11552,2018
0.5,11206,2018
0.5,36100,2018
0.5,19396,2018
0.5,29376,2018
0.5,10798,2018
0.5,11312,2018
0.5,31817,2018
0.5,12074,2018
0.5,11776,2018
0.5,13727,2018
0.5,11813,2018
0.5,11144,2018
0.5,22955,2018
0.5,13196,2018
0.5,10309,2018
0.5,20577,2018
0.5,10582,2018
0.5,16165,2018
0.5,26575,2018
0.5,13057,2018
0.5,11832,2018
0.5,29776,2018
0.5,21755,2018
0.5,12449,2018
0.5,13644,2018
0.5,12268,2018
0.5,12662,2018
0.5,15517,2018
0.5,25815,2018
0.5,28916,2018
0.5,20075,2018
0.5,31077,2018
0.5,10054,2018
0.5,11414,2018
0.5,10635,2018
0.5,17575,2018
0.5,26055,2018
0.5,30236,2018
0.5,30837,2018
0.5,30177,2018
0.5,12114,2018
0.5,33677,2018
0.5,34917,2018
0.5,31497,2018
0.5,14018,2018
0.5,29336,2018
0.5,30517,2018
0.5,32717,2018
0.5,10090,2018
0.5,17077,2018
0.5,32857,2018
0.5,30560,2018
0.5,13677,2018
0.5,13594,2018
0.5,11351,2018
0.5,10332,2018
0.5,10029,2018
0.5,10147,2018
0.5,25855,2018
0.5,10821,2018
0.5,14081,2018
0.5,30717,2018
0.5,12077,2018
0.5,13562,2018
0.5,10570,2018
0.5,10726,2018
0.5,13570,2018
0.5,13720,2018
0.5,12102,2018
0.5,34737,2018
0.5,32437,2018
0.5,32837,2018
0.5,11533,2018
0.5,24135,2018
0.5,14678,2018
0.5,35517,2018
0.5,22495,2018
0.5,24197,2018
0.5,10677,2018
0.5,10091,2018
0.5,31557,2018
0.5,13522,2018
0.5,35657,2018
0.5,36337,2018
0.5,36317,2018
0.5,12303,2018
0.5,11137,2018
0.5,37717,2018
0.5,18117,2018
0.5,11728,2018
0.5,13047,2018
0.5,10652,2018
0.5,12678,2018
0.5,10504,2018
0.5,11303,2018
0.5,32637,2018
0.5,32337,2018
0.5,35838,2018
0.5,13837,2018
0.5,11385,2018
0.5,12885,2018
0.5,13704,2018
0.5,27315,2018
0.5,36717,2018
0.5,11252,2018
0.5,12839,2018
0.5,13226,2018
0.5,19235,2018
0.5,11315,2018
0.5,10616,2018
0.5,11925,2018
0.5,13246,2018
0.5,36237,2018
0.5,17495,2018
0.5,29936,2018
0.5,13306,2018
0.5,24155,2018
0.5,32617,2018
0.5,24175,2018
0.5,20176,2018
0.5,11338,2018
0.5,29417,2018
0.5,33437,2019
0.5,30196,2019
0.5,35297,2019
0.5,30977,2019
0.5,15196,2019
0.5,10331,2019
0.5,12067,2019
0.5,12982,2019
0.5,10298,2019
0.5,11756,2019
0.5,13271,2019
0.5,12086,2019
0.5,11416,2019
0.5,13227,2019
0.5,11179,2019
0.5,10319,2019
0.5,11330,2019
0.5,11513,2019
0.5,38037,2019
0.5,33457,2019
0.5,11339,2019
0.5,32277,2019
0.5,32297,2019
0.5,33257,2019
0.5,30156,2019
0.5,13563,2019
0.5,13518,2019
0.5,32017,2019
0.5,11793,2019
0.5,29816,2019
0.5,29416,2019
0.5,12085,2019
0.5,11364,2019
0.5,24695,2019
0.5,10735,2019
0.5,35797,2019
0.5,20496,2019
0.5,14016,2019
0.5,13254,2019
0.5,12988,2019
0.5,12357,2019
0.5,10275,2019
0.5,11800,2019
0.5,26795,2019
0.5,13572,2019
0.5,12730,2019
0.5,29016,2019
0.5,13341,2019
0.5,19395,2019
0.5,32537,2019
0.5,13305,2019
0.5,13873,2019
0.5,11749,2019
0.5,31877,2019
0.5,10862,2019
0.5,18235,2019
0.5,13845,2019
0.5,25055,2019
0.5,12095,2019
0.5,20396,2019
0.5,30397,2019
0.5,13872,2019
0.5,11241,2019
0.5,11930,2019
0.5,12178,2019
0.5,31738,2019
0.5,12625,2019
0.5,31317,2019
0.5,22455,2019
0.5,12308,2019
0.5,23436,2019
0.5,34997,2019
0.5,11340,2019
0.5,29458,2019
0.5,19255,2019
0.5,12156,2019
0.5,31857,2019
0.5,11399,2019
0.5,10212,2019
0.5,13209,2019
0.5,13284,2019
0.5,13143,2019
0.5,10256,2019
0.5,11248,2019
0.5,11754,2019
0.5,37237,2019
0.5,15796,2019
0.5,20876,2019
0.5,11230,2019
0.5,36417,2019
0.5,12040,2019
0.5,34897,2019
0.5,11488,2019
0.5,33137,2019
0.5,11015,2019
0.5,13205,2019
0.5,37157,2019
0.5,12594,2019
0.5,11574,2019
0.5,15621,2019
0.5,28336,2019
0.5,32897,2019
0.5,13765,2019
0.5,33237,2019
0.5,36118,2019
0.5,10223,2019
0.5,33637,2019
0.5,34197,2019
0.5,37357,2019
0.5,12466,2019
0.5,35677,2019
0.5,12237,2019
0.5,13841,2019
0.5,11435,2019
0.5,31038,2019
0.5,11543,2019
0.5,33537,2019
0.5,11721,2019
0.5,27976,2019
0.5,12361,2019
0.5,11087,2019
0.5,11857,2019
0.5,22035,2019
0.5,37217,2019
0.5,12007,2019
0.5,32497,2019
0.5,32457,2019
0.5,31137,2019
0.5,35957,2019
0.5,15455,2019
0.5,37557,2019
0.5,10757,2019
0.5,11076,2019
0.5,12659,2019
0.5,13229,2019
0.5,21336,2019
0.5,14799,2019
0.5,10110,2019
0.5,10338,2019
0.5,20455,2019
0.5,25135,2019
0.5,26595,2019
0.5,11684,2019
0.5,37177,2019
0.5,30097,2019
0.5,33117,2019
0.5,34018,2019
0.5,10505,2019
0.5,36917,2019
0.5,35497,2019
0.5,32197,2019
0.5,11644,2019
0.5,35237,2019
0.5,13412,2019
0.5,11381,2019
0.5,21415,2019
0.5,32117,2019
0.5,32157,2019
0.5,12128,2019
0.5,35697,2019
0.5,12033,2019
0.5,13711,2019
0.5,12109,2019
0.5,14041,2019
0.5,30137,2019
0.5,30597,2019
0.5,15456,2019
0.5,10045,2019
0.5,34717,2019
0.5,10819,2019
0.5,13870,2019
0.5,34817,2019
0.5,35877,2019
0.5,29537,2019
0.5,30917,2019
0.5,10811,2019
0.5,33077,2019
0.5,32797,2019
0.5,13241,2019
0.5,12879,2019
0.5,11363,2019
0.5,34577,2019
0.5,32677,2019
0.5,10229,2019
0.5,37437,2019
0.5,24575,2019
0.5,31797,2019
0.5,12624,2019
0.5,31157,2019
0.5,13624,2019
0.5,13527,2019
0.5,11353,2019
0.5,31398,2019
0.5,11433,2019
0.5,14796,2019
0.5,10803,2019
0.5,26775,2019
0.5,32597,2019
0.5,10544,2019
0.5,22515,2019
0.5,11833,2019
0.5,19336,2019
0.5,36138,2019
0.5,25835,2019
0.5,30176,2019
0.5,29296,2019
0.5,13494,2019
0.5,12407,2019
0.5,11355,2019
0.5,25895,2019
0.5,29876,2019
0.5,21335,2019
0.5,21055,2019
0.5,35597,2019
0.5,16939,2019
0.5,33697,2019
0.5,19278,2019
0.5,11893,2019
0.5,26935,2019
0.5,31437,2019
0.5,19115,2019
0.5,11736,2019
0.5,11814,2019
0.5,13669,2019
0.5,13058,2019
0.5,10747,2019
0.5,13874,2019
0.5,11193,2019
0.5,12078,2019
0.5,11667,2019
0.5,38757,2019
0.5,13021,2019
0.5,11198,2019
0.5,26335,2019
0.5,31357,2019
0.5,34357,2019
0.5,20897,2019
0.5,11530,2019
0.5,24315,2019
0.5,24196,2019
0.5,13036,2019
0.5,25695,2019
0.5,33617,2019
0.5,10324,2019
0.5,12714,2019
0.5,13852,2019
0.5,31717,2019
0.5,11365,2019
0.5,10754,2019
0.5,10734,2019
0.5,34617,2019
0.5,32037,2019
0.5,11690,2019
0.5,11907,2019
0.5,11657,2019
0.5,32917,2019
0.5,11559,2019
0.5,11771,2019
0.5,12435,2019
0.5,29096,2019
0.5,17177,2019
0.5,24615,2019
0.5,33597,2019
0.5,12265,2019
0.5,14035,2019
0.5,10318,2019
0.5,24735,2019
0.5,33357,2019
0.5,12789,2019
0.5,32317,2019
0.5,33757,2019
0.5,29697,2019
0.5,19995,2019
0.5,22095,2019
0.5,16755,2019
0.5,13949,2019
0.5,13886,2019
0.5,38777,2019
0.5,36737,2019
0.5,11318,2019
0.5,36937,2019
0.5,18639,2019
0.5,12895,2019
0.5,18717,2019
0.5,13592,2019
0.5,13996,2019
0.5,38057,2019
0.5,31577,2019
0.5,12011,2019
0.5,36617,2019
0.5,38217,2019
0.5,39217,2019
0.5,11643,2019
0.5,11511,2019
0.5,26615,2019
0.5,36178,2019
0.5,30257,2019
0.5,11740,2019
0.5,24035,2019
0.5,36778,2019
0.5,30897,2019
0.5,12896,2019
0.5,10425,2019
0.5,13503,2019
0.5,13838,2019
0.5,32737,2019
0.5,13782,2019
0.5,11969,2019
0.5,11783,2019
0.5,10194,2019
0.5,11315,2019
0.5,14679,2019
0.5,12590,2019
0.5,27376,2019
0.5,11920,2019
0.5,22596,2019
0.5,18015,2019
0.5,13119,2019
0.5,21235,2019
0.5,13006,2019
0.5,14136,2019
0.5,26815,2019
0.5,34677,2019
0.5,26955,2019
0.5,33797,2019
0.5,34017,2019
0.5,31177,2019
0.5,10300,2019
0.5,10410,2019
0.5,12036,2019
0.5,10291,2019
0.5,13643,2019
0.5,32417,2019
0.5,15655,2019
0.5,13931,2019
0.5,10808,2019
0.5,12483,2019
0.5,35197,2019
0.5,33957,2019
0.5,38097,2019
0.5,10536,2019
0.5,12871,2019
0.5,30377,2019
0.5,17176,2019
0.5,11571,2019
0.5,12035,2019
0.5,12897,2019
0.5,32757,2019
0.5,10518,2019
0.5,33218,2019
0.5,13337,2019
0.5,12890,2019
0.5,13784,2019
0.5,19939,2019
0.5,11786,2019
0.5,21715,2019
0.5,21516,2019
0.5,25235,2019
0.5,10796,2019
0.5,32777,2019
0.5,27856,2019
0.5,21016,2019
0.5,34397,2019
0.5,11251,2019
0.5,18936,2019
0.5,27095,2019
0.5,38997,2019
0.5,10240,2019
0.5,12115,2019
0.5,29756,2019
0.5,10768,2019
0.5,13236,2019
0.5,12599,2019
0.5,11957,2019
0.5,11405,2019
0.5,12634,2019
0.5,13654,2019
0.5,12224,2019
0.5,24295,2019
0.5,10876,2019
0.5,14245,2019
0.5,36137,2019
0.5,19977,2019
0.5,11269,2019
0.5,10885,2019
0.5,27176,2019
0.5,33197,2019
0.5,38877,2019
0.5,26495,2019
0.5,11665,2019
0.5,30036,2019
0.5,25736,2019
0.5,13783,2019
0.5,11225,2019
0.5,12260,2019
0.5,29656,2019
0.5,13242,2019
0.5,15657,2019
0.5,12348,2019
0.5,13220,2019
0.5,22915,2019
0.5,34797,2019
0.5,27996,2019
0.5,36217,2019
0.5,29576,2019
0.5,12371,2019
0.5,15118,2019
0.5,10087,2019
0.5,31517,2019
0.5,10759,2019
0.5,36817,2019
0.5,10560,2019
0.5,10804,2019
0.5,31757,2019
0.5,16281,2019
0.5,12872,2019
0.5,14042,2019
0.5,30437,2019
0.5,16736,2019
0.5,28976,2019
0.5,13225,2019
0.5,31477,2019
0.5,13297,2019
0.5,12660,2019
0.5,31917,2019
0.5,13573,2019
0.5,11913,2019
0.5,33577,2019
0.5,23755,2019
0.5,10409,2019
0.5,13009,2019
0.5,11652,2019
0.5,18275,2019
0.5,36297,2019
0.5,11112,2019
0.5,11689,2019
0.5,12294,2019
0.5,26135,2019
0.5,27015,2019
0.5,32257,2019
0.5,32577,2019
0.5,24455,2019
0.5,10828,2019
0.5,12215,2019
0.5,10206,2019
0.5,36037,2019
0.5,29476,2019
0.5,10724,2019
0.5,12980,2019
0.5,19755,2019
0.5,33998,2019
0.5,13339,2019
0.5,18755,2019
0.5,11534,2019
0.5,11763,2019
0.5,13567,2019
0.5,10113,2019
0.5,32598,2019
0.5,13764,2019
0.5,38677,2019
0.5,11575,2019
0.5,11201,2019
0.5,29557,2019
0.5,12855,2019
0.5,19195,2019
0.5,20316,2019
0.5,36797,2019
0.5,10224,2019
0.5,32097,2019
0.5,11809,2019
0.5,30297,2019
0.5,33177,2019
0.5,12476,2019
0.5,34037,2019
0.5,16055,2019
0.5,11719,2019
0.5,10614,2019
0.5,21676,2019
0.5,12239,2019
0.5,25935,2019
0.5,12652,2019
0.5,14040,2019
0.5,11633,2019
0.5,13222,2019
0.5,13595,2019
0.5,32518,2019
0.5,10837,2019
0.5,32657,2019
0.5,18217,2019
0.5,22775,2019
0.5,19356,2019
0.5,11074,2019
0.5,13831,2019
0.5,12213,2019
0.5,20576,2019
0.5,21337,2019
0.5,35377,2019
0.5,15860,2019
0.5,39197,2019
0.5,32217,2019
0.5,24975,2019
0.5,28196,2019
0.5,11714,2019
0.5,10041,2019
0.5,36457,2019
0.5,35997,2019
0.5,13813,2019
0.5,11775,2019
0.5,30216,2019
0.5,12727,2019
0.5,35777,2019
0.5,11803,2019
0.5,20595,2019
0.5,30076,2019
0.5,13234,2019
0.5,34657,2019
0.5,10989,2019
0.5,38957,2019
0.5,15460,2019
0.5,10080,2019
0.5,10898,2019
0.5,12993,2019
0.5,34457,2019
0.5,11928,2019
0.5,11791,2019
0.5,16497,2019
0.5,11116,2019
0.5,24715,2019
0.5,34637,2019
0.5,26295,2019
0.5,12380,2019
0.5,13002,2019
0.5,11238,2019
0.5,13055,2019
0.5,20559,2019
0.5,33557,2019
0.5,28036,2019
0.5,37297,2019
0.5,15957,2019
0.5,11438,2019
0.5,33777,2019
0.5,19355,2019
0.5,11350,2019
0.5,13340,2019
0.5,26675,2019
0.5,30857,2019
0.5,13699,2019
0.5,12870,2019
0.5,19098,2019
0.5,34257,2019
0.5,23056,2019
0.5,14086,2019
0.5,35977,2019
0.5,10990,2019
0.5,36497,2019
0.5,10840,2019
0.5,13317,2019
0.5,10262,2019
0.5,12392,2019
0.5,29056,2019
0.5,28396,2019
0.5,12212,2019
0.5,12966,2019
0.5,14076,2019
0.5,35317,2019
0.5,14039,2019
0.5,11410,2019
0.5,13876,2019
0.5,12022,2019
0.5,14435,2019
0.5,28996,2019
0.5,16216,2019
0.5,13549,2019
0.5,36757,2019
0.5,14043,2019
0.5,10292,2019
0.5,12978,2019
0.5,33337,2019
0.5,32057,2019
0.5,12385,2019
0.5,12633,2019
0.5,12127,2019
0.5,35477,2019
0.5,10232,2019
0.5,12370,2019
0.5,12134,2019
0.5,32977,2019
0.5,13550,2019
0.5,10611,2019
0.5,13685,2019
0.5,15516,2019
0.5,11807,2019
0.5,10814,2019
0.5,13139,2019
0.5,10137,2019
0.5,21915,2019
0.5,36117,2019
0.5,38517,2019
0.5,10447,2019
0.5,31637,2019
0.5,28956,2019
0.5,12904,2019
0.5,21397,2019
0.5,13541,2019
0.5,34277,2019
0.5,29596,2019
0.5,10078,2019
0.5,12047,2019
0.5,26435,2019
0.5,36257,2019
0.5,37057,2019
0.5,34057,2019
0.5,11772,2019
0.5,13293,2019
0.5,36077,2019
0.5,12107,2019
0.5,10877,2019
0.5,10794,2019
0.5,29516,2019
0.5,30157,2019
0.5,33657,2019
0.5,10858,2019
0.5,35617,2019
0.5,13629,2019
0.5,36877,2019
0.5,27215,2019
0.5,11332,2019
0.5,33997,2019
0.5,29957,2019
0.5,11864,2019
0.5,10303,2019
0.5,10978,2019
0.5,10213,2019
0.5,34477,2019
0.5,13221,2019
0.5,11611,2019
0.5,24937,2019
0.5,10513,2019
0.5,13965,2019
0.5,17576,2019
0.5,15659,2019
0.5,11041,2019
0.5,10375,2019
0.5,23816,2019
0.5,14495,2019
0.5,11129,2019
0.5,26315,2019
0.5,10791,2019
0.5,38277,2019
0.5,19457,2019
0.5,33937,2019
0.5,35897,2019
0.5,33297,2019
0.5,13020,2019
0.5,24495,2019
0.5,34537,2019
0.5,11922,2019
0.5,27055,2019
0.5,11168,2019
0.5,11537,2019
0.5,37077,2019
0.5,10181,2019
0.5,31697,2019
0.5,11272,2019
0.5,30559,2019
0.5,14019,2019
0.5,11320,2019
0.5,10795,2019
0.5,33737,2019
0.5,27876,2019
0.5,10790,2019
0.5,15403,2019
0.5,22995,2019
0.5,38797,2019
0.5,11908,2019
0.5,28676,2019
0.5,12071,2019
0.5,12383,2019
0.5,10136,2019
0.5,10197,2019
0.5,19875,2019
0.5,17235,2019
0.5,30518,2019
0.5,12394,2019
0.5,24696,2019
0.5,11088,2019
0.5,13888,2019
0.5,12179,2019
0.5,19655,2019
0.5,10050,2019
0.5,13691,2019
0.5,13959,2019
0.5,11205,2019
0.5,31397,2019
0.5,13345,2019
0.5,11738,2019
0.5,13554,2019
0.5,20315,2019
0.5,11378,2019
0.5,34697,2019
0.5,33417,2019
0.5,33517,2019
0.5,11854,2019
0.5,10841,2019
0.5,13786,2019
0.5,18255,2019
0.5,11688,2019
0.5,11972,2019
0.5,19556,2019
0.5,10149,2019
0.5,10806,2019
0.5,10996,2019
0.5,11651,2019
0.5,13581,2019
0.5,11687,2019
0.5,12366,2019
0.5,28636,2019
0.5,31959,2019
0.5,31958,2019
0.5,13867,2019
0.5,12406,2019
0.5,32997,2019
0.5,33477,2019
0.5,31777,2019
0.5,29116,2019
0.5,13887,2019
0.5,37097,2019
0.5,10086,2019
0.5,11072,2019
0.5,22796,2019
0.5,17357,2019
0.5,29896,2019
0.5,10893,2019
0.5,30657,2019
0.5,27395,2019
0.5,12784,2019
0.5,11964,2019
0.5,14795,2019
0.5,12832,2019
0.5,21495,2019
0.5,21176,2019
0.5,10822,2019
0.5,13804,2019
0.5,12281,2019
0.5,29276,2019
0.5,12209,2019
0.5,12018,2019
0.5,12003,2019
0.5,11122,2019
0.5,11883,2019
0.5,11770,2019
0.5,31097,2019
0.5,12298,2019
0.5,37197,2019
0.5,12794,2019
0.5,13612,2019
0.5,16015,2019
0.5,37037,2019
0.5,35737,2019
0.5,13249,2019
0.5,32137,2019
0.5,10328,2019
0.5,30957,2019
0.5,13597,2019
0.5,34857,2019
0.5,12973,2019
0.5,12019,2019
0.5,13748,2019
0.5,11856,2019
0.5,11413,2019
0.5,20096,2019
0.5,31677,2019
0.5,39237,2019
0.5,13296,2019
0.5,12884,2019
0.5,35417,2019
0.5,19135,2019
0.5,11888,2019
0.5,28416,2019
0.5,13243,2019
0.5,15462,2019
0.5,13035,2019
0.5,11758,2019
0.5,33317,2019
0.5,19855,2019
0.5,17015,2019
0.5,34597,2019
0.5,10398,2019
0.5,37857,2019
0.5,13706,2019
0.5,36517,2019
0.5,30877,2019
0.5,12844,2019
0.5,12244,2019
0.5,33017,2019
0.5,25735,2019
0.5,24115,2019
0.5,13530,2019
0.5,12892,2019
0.5,18898,2019
0.5,20515,2019
0.5,11138,2019
0.5,20796,2019
0.5,10550,2019
0.5,10216,2019
0.5,32357,2019
0.5,34137,2019
0.5,11357,2019
0.5,31457,2019
0.5,16255,2019
0.5,21795,2019
0.5,34117,2019
0.5,19635,2019
0.5,28856,2019
0.5,22315,2019
0.5,12048,2019
0.5,11966,2019
0.5,10660,2019
0.5,11861,2019
0.5,11334,2019
0.5,38817,2019
0.5,36177,2019
0.5,20115,2019
0.5,12158,2019
0.5,27737,2019
0.5,33097,2019
0.5,37797,2019
0.5,30757,2019
0.5,30117,2019
0.5,12042,2019
0.5,27956,2019
0.5,28796,2019
0.5,13531,2019
0.5,33157,2019
0.5,28296,2019
0.5,10961,2019
0.5,11737,2019
0.5,11640,2019
0.5,25896,2019
0.5,32877,2019
0.5,12108,2019
0.5,12192,2019
0.5,23695,2019
0.5,11326,2019
0.5,38577,2019
0.5,18657,2019
0.5,12705,2019
0.5,30997,2019
0.5,31117,2019
0.5,15236,2019
0.5,11273,2019
0.5,14676,2019
0.5,28096,2019
0.5,26155,2019
0.5,13000,2019
0.5,11811,2019
0.5,24456,2019
0.5,30417,2019
0.5,10838,2019
0.5,20815,2019
0.5,12712,2019
0.5,32237,2019
0.5,11939,2019
0.5,35337,2019
0.5,29356,2019
0.5,12154,2019
0.5,27476,2019
0.5,11605,2019
0.5,13291,2019
0.5,27436,2019
0.5,13032,2019
0.5,10276,2019
0.5,38297,2019
0.5,23375,2019
0.5,15375,2019
0.5,35318,2019
0.5,36017,2019
0.5,13936,2019
0.5,13915,2019
0.5,13865,2019
0.5,34297,2019
0.5,28896,2019
0.5,32697,2019
0.5,30537,2019
0.5,13708,2019
0.5,10825,2019
0.5,37577,2019
0.5,13290,2019
0.5,11525,2019
0.5,31217,2019
0.5,19015,2019
0.5,11649,2019
0.5,12965,2019
0.5,15956,2019
0.5,10417,2019
0.5,10974,2019
0.5,36099,2019
0.5,10839,2019
0.5,10281,2019
0.5,10789,2019
0.5,11971,2019
0.5,19519,2019
0.5,30217,2019
0.5,11700,2019
0.5,35817,2019
0.5,11492,2019
0.5,13593,2019
0.5,24535,2019
0.5,10311,2019
0.5,11290,2019
0.5,20776,2019
0.5,11298,2019
0.5,38017,2019
0.5,31338,2019
0.5,19016,2019
0.5,13566,2019
0.5,13124,2019
0.5,13316,2019
0.5,13125,2019
0.5,15461,2019
0.5,22335,2019
0.5,32397,2019
0.5,10552,2019
0.5,23055,2019
0.5,10421,2019
0.5,10753,2019
0.5,12081,2019
0.5,22435,2019
0.5,26235,2019
0.5,11552,2019
0.5,36100,2019
0.5,19396,2019
0.5,29376,2019
0.5,10798,2019
0.5,11312,2019
0.5,31817,2019
0.5,12074,2019
0.5,11776,2019
0.5,13727,2019
0.5,11813,2019
0.5,11144,2019
0.5,22955,2019
0.5,13196,2019
0.5,10309,2019
0.5,38697,2019
0.5,20577,2019
0.5,16165,2019
0.5,26575,2019
0.5,13057,2019
0.5,11832,2019
0.5,29776,2019
0.5,21755,2019
0.5,12449,2019
0.5,13644,2019
0.5,12268,2019
0.5,12662,2019
0.5,15517,2019
0.5,25815,2019
0.5,28916,2019
0.5,20075,2019
0.5,31077,2019
0.5,10054,2019
0.5,11414,2019
0.5,10635,2019
0.5,17575,2019
0.5,26055,2019
0.5,30236,2019
0.5,30837,2019
0.5,30177,2019
0.5,12114,2019
0.5,31297,2019
0.5,33677,2019
0.5,34917,2019
0.5,31497,2019
0.5,14018,2019
0.5,29336,2019
0.5,30517,2019
0.5,32717,2019
0.5,10090,2019
0.5,17077,2019
0.5,32857,2019
0.5,30560,2019
0.5,13677,2019
0.5,13594,2019
0.5,11351,2019
0.5,10332,2019
0.5,10029,2019
0.5,10147,2019
0.5,25855,2019
0.5,10821,2019
0.5,14081,2019
0.5,30717,2019
0.5,12077,2019
0.5,13562,2019
0.5,10570,2019
0.5,10726,2019
0.5,13570,2019
0.5,13720,2019
0.5,34737,2019
0.5,32437,2019
0.5,32837,2019
0.5,11533,2019
0.5,24135,2019
0.5,14678,2019
0.5,35517,2019
0.5,22495,2019
0.5,24197,2019
0.5,10677,2019
0.5,10091,2019
0.5,31557,2019
0.5,38857,2019
0.5,35657,2019
0.5,36337,2019
0.5,36317,2019
0.5,12303,2019
0.5,37717,2019
0.5,18117,2019
0.5,13047,2019
0.5,10652,2019
0.5,12678,2019
0.5,10504,2019
0.5,11303,2019
0.5,32637,2019
0.5,32337,2019
0.5,35838,2019
0.5,13837,2019
0.5,11385,2019
0.5,12885,2019
0.5,13704,2019
0.5,27315,2019
0.5,36717,2019
0.5,11252,2019
0.5,12839,2019
0.5,13226,2019
0.5,19235,2019
0.5,10616,2019
0.5,11925,2019
0.5,13246,2019
0.5,36237,2019
0.5,17495,2019
0.5,29936,2019
0.5,13306,2019
0.5,24155,2019
0.5,32617,2019
0.5,24175,2019
0.5,20176,2019
0.5,11338,2019
0.5,29417,2019
0.5,33437,2020
0.5,30196,2020
0.5,35297,2020
0.5,30977,2020
0.5,15196,2020
0.5,10331,2020
0.5,12067,2020
0.5,12982,2020
0.5,10298,2020
0.5,11756,2020
0.5,13271,2020
0.5,12086,2020
0.5,11416,2020
0.5,13227,2020
0.5,11179,2020
0.5,10319,2020
0.5,11330,2020
0.5,11513,2020
0.5,38037,2020
0.5,33457,2020
0.5,11339,2020
0.5,32277,2020
0.5,32297,2020
0.5,33257,2020
0.5,30156,2020
0.5,13563,2020
0.5,13518,2020
0.5,32017,2020
0.5,11793,2020
0.5,29816,2020
0.5,29416,2020
0.5,12085,2020
0.5,11364,2020
0.5,24695,2020
0.5,10735,2020
0.5,35797,2020
0.5,20496,2020
0.5,14016,2020
0.5,13254,2020
0.5,12988,2020
0.5,12357,2020
0.5,10275,2020
0.5,11800,2020
0.5,26795,2020
0.5,13572,2020
0.5,12730,2020
0.5,29016,2020
0.5,13341,2020
0.5,19395,2020
0.5,32537,2020
0.5,13305,2020
0.5,13873,2020
0.5,11749,2020
0.5,31877,2020
0.5,10862,2020
0.5,18235,2020
0.5,13845,2020
0.5,25055,2020
0.5,12095,2020
0.5,20396,2020
0.5,30397,2020
0.5,13872,2020
0.5,11241,2020
0.5,11930,2020
0.5,12178,2020
0.5,31738,2020
0.5,12625,2020
0.5,31317,2020
0.5,22455,2020
0.5,12308,2020
0.5,23436,2020
0.5,34997,2020
0.5,11340,2020
0.5,29458,2020
0.5,19255,2020
0.5,12156,2020
0.5,31857,2020
0.5,11399,2020
0.5,10212,2020
0.5,13209,2020
0.5,13284,2020
0.5,13143,2020
0.5,10256,2020
0.5,11248,2020
0.5,11754,2020
0.5,37237,2020
0.5,15796,2020
0.5,20876,2020
0.5,11230,2020
0.5,36417,2020
0.5,12040,2020
0.5,34897,2020
0.5,11488,2020
0.5,33137,2020
0.5,11015,2020
0.5,13205,2020
0.5,37157,2020
0.5,12594,2020
0.5,11574,2020
0.5,15621,2020
0.5,28336,2020
0.5,32897,2020
0.5,13765,2020
0.5,33237,2020
0.5,36118,2020
0.5,10223,2020
0.5,34197,2020
0.5,37357,2020
0.5,12466,2020
0.5,35677,2020
0.5,12237,2020
0.5,13841,2020
0.5,11435,2020
0.5,31038,2020
0.5,11543,2020
0.5,33537,2020
0.5,11721,2020
0.5,27976,2020
0.5,12361,2020
0.5,11087,2020
0.5,11857,2020
0.5,22035,2020
0.5,11162,2020
0.5,37217,2020
0.5,12007,2020
0.5,32497,2020
0.5,32457,2020
0.5,31137,2020
0.5,35957,2020
0.5,15455,2020
0.5,37557,2020
0.5,10757,2020
0.5,11076,2020
0.5,12659,2020
0.5,13229,2020
0.5,21336,2020
0.5,14799,2020
0.5,10110,2020
0.5,10338,2020
0.5,20455,2020
0.5,25135,2020
0.5,26595,2020
0.5,11684,2020
0.5,37177,2020
0.5,30097,2020
0.5,33117,2020
0.5,34018,2020
0.5,10505,2020
0.5,36917,2020
0.5,35497,2020
0.5,32197,2020
0.5,11644,2020
0.5,35237,2020
0.5,13412,2020
0.5,11381,2020
0.5,21415,2020
0.5,32117,2020
0.5,32157,2020
0.5,12128,2020
0.5,35697,2020
0.5,12033,2020
0.5,13711,2020
0.5,12109,2020
0.5,14041,2020
0.5,30137,2020
0.5,30597,2020
0.5,10045,2020
0.5,34717,2020
0.5,10819,2020
0.5,13870,2020
0.5,34817,2020
0.5,35877,2020
0.5,29537,2020
0.5,30917,2020
0.5,10811,2020
0.5,33077,2020
0.5,32797,2020
0.5,13241,2020
0.5,12879,2020
0.5,11363,2020
0.5,34577,2020
0.5,32677,2020
0.5,10229,2020
0.5,37437,2020
0.5,24575,2020
0.5,31797,2020
0.5,40217,2020
0.5,12624,2020
0.5,31157,2020
0.5,13624,2020
0.5,13527,2020
0.5,11353,2020
0.5,31398,2020
0.5,11433,2020
0.5,14796,2020
0.5,10803,2020
0.5,26775,2020
0.5,32597,2020
0.5,10544,2020
0.5,22515,2020
0.5,11833,2020
0.5,19336,2020
0.5,39957,2020
0.5,36138,2020
0.5,25835,2020
0.5,30176,2020
0.5,29296,2020
0.5,13494,2020
0.5,12407,2020
0.5,11355,2020
0.5,25895,2020
0.5,29876,2020
0.5,21335,2020
0.5,21055,2020
0.5,35597,2020
0.5,16939,2020
0.5,33697,2020
0.5,19278,2020
0.5,11893,2020
0.5,26935,2020
0.5,31437,2020
0.5,19115,2020
0.5,11736,2020
0.5,39917,2020
0.5,11814,2020
0.5,13669,2020
0.5,13058,2020
0.5,10747,2020
0.5,13874,2020
0.5,11193,2020
0.5,12078,2020
0.5,11667,2020
0.5,10317,2020
0.5,39597,2020
0.5,38757,2020
0.5,13021,2020
0.5,11198,2020
0.5,26335,2020
0.5,31357,2020
0.5,34357,2020
0.5,20897,2020
0.5,11530,2020
0.5,24315,2020
0.5,24196,2020
0.5,13036,2020
0.5,25695,2020
0.5,33617,2020
0.5,10324,2020
0.5,12714,2020
0.5,13852,2020
0.5,31717,2020
0.5,11365,2020
0.5,10754,2020
0.5,10734,2020
0.5,34617,2020
0.5,32037,2020
0.5,11690,2020
0.5,11907,2020
0.5,11657,2020
0.5,32917,2020
0.5,11559,2020
0.5,11771,2020
0.5,12435,2020
0.5,29096,2020
0.5,17177,2020
0.5,24615,2020
0.5,33597,2020
0.5,12265,2020
0.5,14035,2020
0.5,10318,2020
0.5,24735,2020
0.5,33357,2020
0.5,12789,2020
0.5,32317,2020
0.5,39537,2020
0.5,33757,2020
0.5,29697,2020
0.5,19995,2020
0.5,22095,2020
0.5,16755,2020
0.5,13949,2020
0.5,13886,2020
0.5,38777,2020
0.5,36737,2020
0.5,11318,2020
0.5,36937,2020
0.5,18639,2020
0.5,12895,2020
0.5,18717,2020
0.5,13592,2020
0.5,13996,2020
0.5,38057,2020
0.5,31577,2020
0.5,12011,2020
0.5,36617,2020
0.5,38217,2020
0.5,39217,2020
0.5,11643,2020
0.5,11511,2020
0.5,26615,2020
0.5,36178,2020
0.5,30257,2020
0.5,11740,2020
0.5,24035,2020
0.5,36778,2020
0.5,30897,2020
0.5,12896,2020
0.5,10425,2020
0.5,13503,2020
0.5,13838,2020
0.5,32737,2020
0.5,13782,2020
0.5,11969,2020
0.5,11783,2020
0.5,10194,2020
0.5,11315,2020
0.5,14679,2020
0.5,12590,2020
0.5,39997,2020
0.5,27376,2020
0.5,11920,2020
0.5,22596,2020
0.5,18015,2020
0.5,13119,2020
0.5,21235,2020
0.5,13006,2020
0.5,14136,2020
0.5,26815,2020
0.5,34677,2020
0.5,26955,2020
0.5,33797,2020
0.5,31177,2020
0.5,10300,2020
0.5,10410,2020
0.5,12036,2020
0.5,10291,2020
0.5,13643,2020
0.5,32417,2020
0.5,15655,2020
0.5,13931,2020
0.5,10808,2020
0.5,12483,2020
0.5,35197,2020
0.5,33957,2020
0.5,38097,2020
0.5,10536,2020
0.5,12871,2020
0.5,30377,2020
0.5,17176,2020
0.5,11571,2020
0.5,12035,2020
0.5,12897,2020
0.5,32757,2020
0.5,10518,2020
0.5,33218,2020
0.5,39437,2020
0.5,13337,2020
0.5,12890,2020
0.5,13784,2020
0.5,19939,2020
0.5,11786,2020
0.5,21715,2020
0.5,21516,2020
0.5,25235,2020
0.5,10796,2020
0.5,32777,2020
0.5,27856,2020
0.5,39477,2020
0.5,39377,2020
0.5,21016,2020
0.5,34397,2020
0.5,11251,2020
0.5,18936,2020
0.5,27095,2020
0.5,38997,2020
0.5,10240,2020
0.5,12115,2020
0.5,29756,2020
0.5,10768,2020
0.5,13236,2020
0.5,12599,2020
0.5,11957,2020
0.5,11405,2020
0.5,12634,2020
0.5,13654,2020
0.5,12224,2020
0.5,24295,2020
0.5,10876,2020
0.5,14245,2020
0.5,36137,2020
0.5,19977,2020
0.5,11269,2020
0.5,10885,2020
0.5,27176,2020
0.5,33197,2020
0.5,38877,2020
0.5,26495,2020
0.5,11665,2020
0.5,30036,2020
0.5,25736,2020
0.5,13783,2020
0.5,11225,2020
0.5,12260,2020
0.5,29656,2020
0.5,13242,2020
0.5,15657,2020
0.5,12348,2020
0.5,13220,2020
0.5,22915,2020
0.5,34797,2020
0.5,27996,2020
0.5,36217,2020
0.5,29576,2020
0.5,12371,2020
0.5,15118,2020
0.5,10087,2020
0.5,31517,2020
0.5,10759,2020
0.5,36817,2020
0.5,10560,2020
0.5,10804,2020
0.5,31757,2020
0.5,16281,2020
0.5,12872,2020
0.5,14042,2020
0.5,30437,2020
0.5,16736,2020
0.5,28976,2020
0.5,13225,2020
0.5,31477,2020
0.5,13297,2020
0.5,12660,2020
0.5,31917,2020
0.5,13573,2020
0.5,11913,2020
0.5,33577,2020
0.5,23755,2020
0.5,10409,2020
0.5,13009,2020
0.5,11652,2020
0.5,18275,2020
0.5,36297,2020
0.5,11112,2020
0.5,11689,2020
0.5,12294,2020
0.5,26135,2020
0.5,27015,2020
0.5,32257,2020
0.5,32577,2020
0.5,24455,2020
0.5,10828,2020
0.5,12215,2020
0.5,10206,2020
0.5,36037,2020
0.5,29476,2020
0.5,10724,2020
0.5,12980,2020
0.5,19755,2020
0.5,33998,2020
0.5,13339,2020
0.5,18755,2020
0.5,11534,2020
0.5,11763,2020
0.5,13567,2020
0.5,10113,2020
0.5,32598,2020
0.5,13764,2020
0.5,38677,2020
0.5,11575,2020
0.5,11201,2020
0.5,29557,2020
0.5,12855,2020
0.5,19195,2020
0.5,20316,2020
0.5,36797,2020
0.5,10224,2020
0.5,32097,2020
0.5,11809,2020
0.5,30297,2020
0.5,33177,2020
0.5,12476,2020
0.5,34037,2020
0.5,16055,2020
0.5,11719,2020
0.5,10614,2020
0.5,21676,2020
0.5,12239,2020
0.5,25935,2020
0.5,12652,2020
0.5,14040,2020
0.5,11633,2020
0.5,13222,2020
0.5,13595,2020
0.5,32518,2020
0.5,10837,2020
0.5,32657,2020
0.5,18217,2020
0.5,22775,2020
0.5,19356,2020
0.5,11074,2020
0.5,13831,2020
0.5,12213,2020
0.5,20576,2020
0.5,21337,2020
0.5,35377,2020
0.5,15860,2020
0.5,39197,2020
0.5,32217,2020
0.5,24975,2020
0.5,28196,2020
0.5,11714,2020
0.5,10041,2020
0.5,36457,2020
0.5,35997,2020
0.5,13813,2020
0.5,11775,2020
0.5,30216,2020
0.5,12727,2020
0.5,35777,2020
0.5,11803,2020
0.5,20595,2020
0.5,30076,2020
0.5,13234,2020
0.5,34657,2020
0.5,10989,2020
0.5,38957,2020
0.5,15460,2020
0.5,10080,2020
0.5,10898,2020
0.5,12993,2020
0.5,34457,2020
0.5,11928,2020
0.5,11791,2020
0.5,16497,2020
0.5,11116,2020
0.5,24715,2020
0.5,34637,2020
0.5,11767,2020
0.5,26295,2020
0.5,12380,2020
0.5,11238,2020
0.5,13055,2020
0.5,20559,2020
0.5,33557,2020
0.5,28036,2020
0.5,37297,2020
0.5,15957,2020
0.5,11438,2020
0.5,33777,2020
0.5,19355,2020
0.5,11350,2020
0.5,13340,2020
0.5,26675,2020
0.5,30857,2020
0.5,13699,2020
0.5,12870,2020
0.5,19098,2020
0.5,34257,2020
0.5,23056,2020
0.5,14086,2020
0.5,35977,2020
0.5,10990,2020
0.5,36497,2020
0.5,10840,2020
0.5,13317,2020
0.5,10262,2020
0.5,12392,2020
0.5,29056,2020
0.5,28396,2020
0.5,12212,2020
0.5,12966,2020
0.5,14076,2020
0.5,35317,2020
0.5,14039,2020
0.5,11410,2020
0.5,13876,2020
0.5,12022,2020
0.5,14435,2020
0.5,28996,2020
0.5,40137,2020
0.5,16216,2020
0.5,13549,2020
0.5,36757,2020
0.5,14043,2020
0.5,10292,2020
0.5,12978,2020
0.5,33337,2020
0.5,32057,2020
0.5,12385,2020
0.5,12633,2020
0.5,12127,2020
0.5,35477,2020
0.5,10232,2020
0.5,12370,2020
0.5,12134,2020
0.5,32977,2020
0.5,13550,2020
0.5,10611,2020
0.5,13685,2020
0.5,15516,2020
0.5,11807,2020
0.5,10814,2020
0.5,13139,2020
0.5,22555,2020
0.5,10137,2020
0.5,21915,2020
0.5,36117,2020
0.5,38517,2020
0.5,10447,2020
0.5,31637,2020
0.5,28956,2020
0.5,12904,2020
0.5,21397,2020
0.5,13541,2020
0.5,34277,2020
0.5,29596,2020
0.5,10078,2020
0.5,12047,2020
0.5,11653,2020
0.5,26435,2020
0.5,36257,2020
0.5,37057,2020
0.5,34057,2020
0.5,11772,2020
0.5,13293,2020
0.5,36077,2020
0.5,12107,2020
0.5,10877,2020
0.5,10794,2020
0.5,29516,2020
0.5,30157,2020
0.5,33657,2020
0.5,10858,2020
0.5,35617,2020
0.5,13629,2020
0.5,36877,2020
0.5,27215,2020
0.5,11332,2020
0.5,33997,2020
0.5,29957,2020
0.5,11864,2020
0.5,10303,2020
0.5,10978,2020
0.5,10213,2020
0.5,34477,2020
0.5,13221,2020
0.5,11611,2020
0.5,24937,2020
0.5,10513,2020
0.5,13965,2020
0.5,17576,2020
0.5,15659,2020
0.5,11041,2020
0.5,10375,2020
0.5,23816,2020
0.5,14495,2020
0.5,11129,2020
0.5,26315,2020
0.5,10791,2020
0.5,38277,2020
0.5,19457,2020
0.5,33937,2020
0.5,35897,2020
0.5,33297,2020
0.5,13020,2020
0.5,24495,2020
0.5,34537,2020
0.5,11922,2020
0.5,27055,2020
0.5,11168,2020
0.5,11537,2020
0.5,37077,2020
0.5,10181,2020
0.5,31697,2020
0.5,11272,2020
0.5,30559,2020
0.5,14019,2020
0.5,11320,2020
0.5,10795,2020
0.5,33737,2020
0.5,27876,2020
0.5,10790,2020
0.5,15403,2020
0.5,22995,2020
0.5,38797,2020
0.5,11908,2020
0.5,28676,2020
0.5,12071,2020
0.5,12383,2020
0.5,10136,2020
0.5,10197,2020
0.5,19875,2020
0.5,39937,2020
0.5,17235,2020
0.5,30518,2020
0.5,12394,2020
0.5,24696,2020
0.5,11088,2020
0.5,13888,2020
0.5,12179,2020
0.5,19655,2020
0.5,10050,2020
0.5,13691,2020
0.5,13959,2020
0.5,11205,2020
0.5,31397,2020
0.5,13345,2020
0.5,40117,2020
0.5,11738,2020
0.5,13554,2020
0.5,20315,2020
0.5,11378,2020
0.5,34697,2020
0.5,33417,2020
0.5,33517,2020
0.5,11854,2020
0.5,10841,2020
0.5,18255,2020
0.5,11688,2020
0.5,11972,2020
0.5,19556,2020
0.5,10149,2020
0.5,30637,2020
0.5,10806,2020
0.5,10996,2020
0.5,11651,2020
0.5,13581,2020
0.5,11687,2020
0.5,12366,2020
0.5,28636,2020
0.5,31959,2020
0.5,31958,2020
0.5,13867,2020
0.5,12406,2020
0.5,32997,2020
0.5,33477,2020
0.5,31777,2020
0.5,29116,2020
0.5,13887,2020
0.5,37097,2020
0.5,10086,2020
0.5,11072,2020
0.5,22796,2020
0.5,17357,2020
0.5,29896,2020
0.5,10893,2020
0.5,30657,2020
0.5,27395,2020
0.5,12784,2020
0.5,11964,2020
0.5,14795,2020
0.5,12832,2020
0.5,21495,2020
0.5,21176,2020
0.5,10822,2020
0.5,13804,2020
0.5,12281,2020
0.5,29276,2020
0.5,12209,2020
0.5,12018,2020
0.5,12003,2020
0.5,11122,2020
0.5,11883,2020
0.5,11770,2020
0.5,31097,2020
0.5,12298,2020
0.5,37197,2020
0.5,12794,2020
0.5,13612,2020
0.5,16015,2020
0.5,37037,2020
0.5,35737,2020
0.5,13249,2020
0.5,32137,2020
0.5,10328,2020
0.5,30957,2020
0.5,13597,2020
0.5,34857,2020
0.5,12973,2020
0.5,12019,2020
0.5,13748,2020
0.5,11856,2020
0.5,11413,2020
0.5,20096,2020
0.5,31677,2020
0.5,39237,2020
0.5,13296,2020
0.5,12884,2020
0.5,35417,2020
0.5,19135,2020
0.5,11888,2020
0.5,28416,2020
0.5,13243,2020
0.5,15462,2020
0.5,13035,2020
0.5,11758,2020
0.5,33317,2020
0.5,19855,2020
0.5,17015,2020
0.5,34597,2020
0.5,10398,2020
0.5,37857,2020
0.5,13706,2020
0.5,36517,2020
0.5,30877,2020
0.5,12844,2020
0.5,12244,2020
0.5,33017,2020
0.5,25735,2020
0.5,39577,2020
0.5,24115,2020
0.5,13530,2020
0.5,12892,2020
0.5,18898,2020
0.5,20515,2020
0.5,11138,2020
0.5,20796,2020
0.5,10550,2020
0.5,10216,2020
0.5,32357,2020
0.5,34137,2020
0.5,11357,2020
0.5,31457,2020
0.5,16255,2020
0.5,21795,2020
0.5,34117,2020
0.5,19635,2020
0.5,28856,2020
0.5,22315,2020
0.5,12048,2020
0.5,11966,2020
0.5,10660,2020
0.5,11861,2020
0.5,39657,2020
0.5,11334,2020
0.5,36177,2020
0.5,20115,2020
0.5,12158,2020
0.5,27737,2020
0.5,33097,2020
0.5,37797,2020
0.5,30757,2020
0.5,30117,2020
0.5,12042,2020
0.5,27956,2020
0.5,28796,2020
0.5,13531,2020
0.5,33157,2020
0.5,28296,2020
0.5,10961,2020
0.5,11737,2020
0.5,11640,2020
0.5,25896,2020
0.5,32877,2020
0.5,12108,2020
0.5,12192,2020
0.5,23695,2020
0.5,11326,2020
0.5,38577,2020
0.5,18657,2020
0.5,12705,2020
0.5,30997,2020
0.5,31117,2020
0.5,15236,2020
0.5,11273,2020
0.5,14676,2020
0.5,28096,2020
0.5,26155,2020
0.5,13000,2020
0.5,24456,2020
0.5,30417,2020
0.5,10838,2020
0.5,20815,2020
0.5,12712,2020
0.5,32237,2020
0.5,11939,2020
0.5,35337,2020
0.5,40037,2020
0.5,29356,2020
0.5,12154,2020
0.5,27476,2020
0.5,11605,2020
0.5,13291,2020
0.5,27436,2020
0.5,13032,2020
0.5,10276,2020
0.5,38297,2020
0.5,15456,2020
0.5,23375,2020
0.5,15375,2020
0.5,35318,2020
0.5,36017,2020
0.5,13936,2020
0.5,13865,2020
0.5,34297,2020
0.5,11596,2020
0.5,28896,2020
0.5,40017,2020
0.5,32697,2020
0.5,30537,2020
0.5,13708,2020
0.5,10825,2020
0.5,37577,2020
0.5,13290,2020
0.5,11525,2020
0.5,31217,2020
0.5,19015,2020
0.5,11649,2020
0.5,12965,2020
0.5,15956,2020
0.5,10417,2020
0.5,10974,2020
0.5,36099,2020
0.5,10839,2020
0.5,10281,2020
0.5,10789,2020
0.5,11971,2020
0.5,19519,2020
0.5,30217,2020
0.5,11700,2020
0.5,13568,2020
0.5,35817,2020
0.5,11492,2020
0.5,13593,2020
0.5,24535,2020
0.5,10311,2020
0.5,11290,2020
0.5,20776,2020
0.5,11298,2020
0.5,38017,2020
0.5,31338,2020
0.5,19016,2020
0.5,13566,2020
0.5,13124,2020
0.5,13316,2020
0.5,13125,2020
0.5,15461,2020
0.5,22335,2020
0.5,32397,2020
0.5,10552,2020
0.5,23055,2020
0.5,10421,2020
0.5,10753,2020
0.5,12081,2020
0.5,22435,2020
0.5,26235,2020
0.5,11552,2020
0.5,36100,2020
0.5,19396,2020
0.5,29376,2020
0.5,39617,2020
0.5,11312,2020
0.5,31817,2020
0.5,12074,2020
0.5,11776,2020
0.5,13727,2020
0.5,11813,2020
0.5,11144,2020
0.5,22955,2020
0.5,13196,2020
0.5,10309,2020
0.5,38697,2020
0.5,20577,2020
0.5,16165,2020
0.5,26575,2020
0.5,13057,2020
0.5,29776,2020
0.5,21755,2020
0.5,12449,2020
0.5,13644,2020
0.5,12268,2020
0.5,12662,2020
0.5,15517,2020
0.5,25815,2020
0.5,20075,2020
0.5,31077,2020
0.5,10054,2020
0.5,11414,2020
0.5,10635,2020
0.5,17575,2020
0.5,26055,2020
0.5,30236,2020
0.5,30837,2020
0.5,30177,2020
0.5,12114,2020
0.5,31297,2020
0.5,33677,2020
0.5,34917,2020
0.5,31497,2020
0.5,14018,2020
0.5,29336,2020
0.5,30517,2020
0.5,32717,2020
0.5,10090,2020
0.5,17077,2020
0.5,32857,2020
0.5,30560,2020
0.5,13677,2020
0.5,13594,2020
0.5,11351,2020
0.5,10332,2020
0.5,10029,2020
0.5,10147,2020
0.5,25855,2020
0.5,10821,2020
0.5,14081,2020
0.5,30717,2020
0.5,12077,2020
0.5,13562,2020
0.5,10570,2020
0.5,10726,2020
0.5,13570,2020
0.5,13720,2020
0.5,34737,2020
0.5,32437,2020
0.5,11533,2020
0.5,24135,2020
0.5,14678,2020
0.5,35517,2020
0.5,22495,2020
0.5,24197,2020
0.5,10677,2020
0.5,10091,2020
0.5,31557,2020
0.5,38857,2020
0.5,35657,2020
0.5,36337,2020
0.5,36317,2020
0.5,12303,2020
0.5,37717,2020
0.5,18117,2020
0.5,13047,2020
0.5,10652,2020
0.5,12678,2020
0.5,10504,2020
0.5,11303,2020
0.5,32637,2020
0.5,32337,2020
0.5,35838,2020
0.5,13837,2020
0.5,11385,2020
0.5,13704,2020
0.5,27315,2020
0.5,36717,2020
0.5,11252,2020
0.5,12839,2020
0.5,13226,2020
0.5,19235,2020
0.5,10616,2020
0.5,11925,2020
0.5,13246,2020
0.5,36237,2020
0.5,17495,2020
0.5,29936,2020
0.5,13306,2020
0.5,39777,2020
0.5,24155,2020
0.5,32617,2020
0.5,24175,2020
0.5,20176,2020
0.5,11338,2020
0.5,29417,2020
0.5,30196,2021
0.5,35297,2021
0.5,30977,2021
0.5,15196,2021
0.5,10331,2021
0.5,12067,2021
0.5,12982,2021
0.5,10298,2021
0.5,11756,2021
0.5,13271,2021
0.5,12086,2021
0.5,11416,2021
0.5,13227,2021
0.5,11179,2021
0.5,10319,2021
0.5,11330,2021
0.5,11513,2021
0.5,38037,2021
0.5,33457,2021
0.5,11339,2021
0.5,32277,2021
0.5,32297,2021
0.5,30156,2021
0.5,13563,2021
0.5,13518,2021
0.5,32017,2021
0.5,11793,2021
0.5,29816,2021
0.5,29416,2021
0.5,12085,2021
0.5,11364,2021
0.5,24695,2021
0.5,10735,2021
0.5,35797,2021
0.5,14016,2021
0.5,13254,2021
0.5,12988,2021
0.5,12357,2021
0.5,10275,2021
0.5,11800,2021
0.5,26795,2021
0.5,13572,2021
0.5,12730,2021
0.5,29016,2021
0.5,45017,2021
0.5,13341,2021
0.5,19395,2021
0.5,32537,2021
0.5,13305,2021
0.5,11749,2021
0.5,31877,2021
0.5,10862,2021
0.5,18235,2021
0.5,13845,2021
0.5,25055,2021
0.5,12095,2021
0.5,20396,2021
0.5,11241,2021
0.5,11930,2021
0.5,12178,2021
0.5,31738,2021
0.5,12625,2021
0.5,31317,2021
0.5,22455,2021
0.5,12308,2021
0.5,23436,2021
0.5,34997,2021
0.5,11340,2021
0.5,29458,2021
0.5,19255,2021
0.5,12156,2021
0.5,31857,2021
0.5,11399,2021
0.5,10212,2021
0.5,13209,2021
0.5,13284,2021
0.5,13143,2021
0.5,10256,2021
0.5,11248,2021
0.5,11754,2021
0.5,37237,2021
0.5,15796,2021
0.5,20876,2021
0.5,11230,2021
0.5,36417,2021
0.5,12040,2021
0.5,34897,2021
0.5,11488,2021
0.5,33137,2021
0.5,11015,2021
0.5,13205,2021
0.5,37157,2021
0.5,12594,2021
0.5,11574,2021
0.5,28336,2021
0.5,32897,2021
0.5,13765,2021
0.5,33237,2021
0.5,36118,2021
0.5,10223,2021
0.5,34197,2021
0.5,37357,2021
0.5,12466,2021
0.5,35677,2021
0.5,12237,2021
0.5,13841,2021
0.5,11435,2021
0.5,31038,2021
0.5,11543,2021
0.5,33537,2021
0.5,11721,2021
0.5,27976,2021
0.5,12361,2021
0.5,11087,2021
0.5,11857,2021
0.5,22035,2021
0.5,11162,2021
0.5,37217,2021
0.5,12007,2021
0.5,32497,2021
0.5,32457,2021
0.5,31137,2021
0.5,35957,2021
0.5,15455,2021
0.5,37557,2021
0.5,10757,2021
0.5,11076,2021
0.5,12659,2021
0.5,13229,2021
0.5,21336,2021
0.5,14799,2021
0.5,10110,2021
0.5,10338,2021
0.5,20455,2021
0.5,26595,2021
0.5,11684,2021
0.5,37177,2021
0.5,30097,2021
0.5,33117,2021
0.5,34018,2021
0.5,10505,2021
0.5,36917,2021
0.5,35497,2021
0.5,32197,2021
0.5,11644,2021
0.5,35237,2021
0.5,13412,2021
0.5,11381,2021
0.5,21415,2021
0.5,32117,2021
0.5,32157,2021
0.5,12128,2021
0.5,12033,2021
0.5,13711,2021
0.5,12109,2021
0.5,14041,2021
0.5,30137,2021
0.5,30597,2021
0.5,10045,2021
0.5,34717,2021
0.5,10819,2021
0.5,13870,2021
0.5,34817,2021
0.5,35877,2021
0.5,29537,2021
0.5,30917,2021
0.5,10811,2021
0.5,33077,2021
0.5,32797,2021
0.5,13241,2021
0.5,12879,2021
0.5,11363,2021
0.5,34577,2021
0.5,32677,2021
0.5,10229,2021
0.5,37437,2021
0.5,24575,2021
0.5,31797,2021
0.5,40217,2021
0.5,12624,2021
0.5,31157,2021
0.5,13527,2021
0.5,11353,2021
0.5,31398,2021
0.5,11433,2021
0.5,14796,2021
0.5,10803,2021
0.5,26775,2021
0.5,32597,2021
0.5,10544,2021
0.5,22515,2021
0.5,11833,2021
0.5,19336,2021
0.5,39957,2021
0.5,36138,2021
0.5,25835,2021
0.5,30176,2021
0.5,29296,2021
0.5,13494,2021
0.5,12407,2021
0.5,11355,2021
0.5,25895,2021
0.5,29876,2021
0.5,21335,2021
0.5,21055,2021
0.5,35597,2021
0.5,16939,2021
0.5,33697,2021
0.5,19278,2021
0.5,11893,2021
0.5,26935,2021
0.5,31437,2021
0.5,19115,2021
0.5,11736,2021
0.5,39917,2021
0.5,11814,2021
0.5,13669,2021
0.5,13058,2021
0.5,10747,2021
0.5,13874,2021
0.5,11193,2021
0.5,12078,2021
0.5,11667,2021
0.5,10317,2021
0.5,39597,2021
0.5,38757,2021
0.5,13021,2021
0.5,45047,2021
0.5,11198,2021
0.5,26335,2021
0.5,31357,2021
0.5,34357,2021
0.5,20897,2021
0.5,11530,2021
0.5,24315,2021
0.5,24196,2021
0.5,13036,2021
0.5,25695,2021
0.5,33617,2021
0.5,10324,2021
0.5,12714,2021
0.5,13852,2021
0.5,31717,2021
0.5,11365,2021
0.5,10754,2021
0.5,40297,2021
0.5,10734,2021
0.5,34617,2021
0.5,32037,2021
0.5,11690,2021
0.5,11907,2021
0.5,11657,2021
0.5,32917,2021
0.5,11559,2021
0.5,11771,2021
0.5,45005,2021
0.5,12435,2021
0.5,29096,2021
0.5,17177,2021
0.5,24615,2021
0.5,33597,2021
0.5,12265,2021
0.5,14035,2021
0.5,10318,2021
0.5,24735,2021
0.5,33357,2021
0.5,12789,2021
0.5,32317,2021
0.5,39537,2021
0.5,33757,2021
0.5,29697,2021
0.5,19995,2021
0.5,22095,2021
0.5,16755,2021
0.5,13949,2021
0.5,13886,2021
0.5,38777,2021
0.5,36737,2021
0.5,11318,2021
0.5,36937,2021
0.5,18639,2021
0.5,12895,2021
0.5,18717,2021
0.5,13592,2021
0.5,13996,2021
0.5,38057,2021
0.5,31577,2021
0.5,12011,2021
0.5,36617,2021
0.5,38217,2021
0.5,39217,2021
0.5,11643,2021
0.5,11511,2021
0.5,26615,2021
0.5,36178,2021
0.5,30257,2021
0.5,11740,2021
0.5,24035,2021
0.5,36778,2021
0.5,30897,2021
0.5,12896,2021
0.5,10425,2021
0.5,13503,2021
0.5,13838,2021
0.5,13782,2021
0.5,11969,2021
0.5,11783,2021
0.5,10194,2021
0.5,11315,2021
0.5,14679,2021
0.5,12590,2021
0.5,39997,2021
0.5,27376,2021
0.5,11920,2021
0.5,22596,2021
0.5,18015,2021
0.5,13119,2021
0.5,21235,2021
0.5,13006,2021
0.5,14136,2021
0.5,26815,2021
0.5,34677,2021
0.5,26955,2021
0.5,33797,2021
0.5,31177,2021
0.5,10300,2021
0.5,10410,2021
0.5,12036,2021
0.5,10291,2021
0.5,13643,2021
0.5,32417,2021
0.5,15655,2021
0.5,13931,2021
0.5,10808,2021
0.5,12483,2021
0.5,35197,2021
0.5,33957,2021
0.5,38097,2021
0.5,10536,2021
0.5,12871,2021
0.5,30377,2021
0.5,45010,2021
0.5,17176,2021
0.5,11571,2021
0.5,12035,2021
0.5,12897,2021
0.5,32757,2021
0.5,10518,2021
0.5,33218,2021
0.5,39437,2021
0.5,13337,2021
0.5,12890,2021
0.5,13784,2021
0.5,19939,2021
0.5,11786,2021
0.5,21715,2021
0.5,21516,2021
0.5,25235,2021
0.5,45038,2021
0.5,10796,2021
0.5,32777,2021
0.5,27856,2021
0.5,39477,2021
0.5,39377,2021
0.5,21016,2021
0.5,34397,2021
0.5,11251,2021
0.5,18936,2021
0.5,27095,2021
0.5,38997,2021
0.5,10240,2021
0.5,12115,2021
0.5,29756,2021
0.5,10768,2021
0.5,13236,2021
0.5,12599,2021
0.5,11957,2021
0.5,11405,2021
0.5,12634,2021
0.5,13654,2021
0.5,12224,2021
0.5,24295,2021
0.5,10876,2021
0.5,14245,2021
0.5,36137,2021
0.5,19977,2021
0.5,11269,2021
0.5,27176,2021
0.5,33197,2021
0.5,38877,2021
0.5,26495,2021
0.5,11665,2021
0.5,30036,2021
0.5,25736,2021
0.5,11225,2021
0.5,12260,2021
0.5,29656,2021
0.5,13242,2021
0.5,15657,2021
0.5,12348,2021
0.5,13220,2021
0.5,22915,2021
0.5,34797,2021
0.5,27996,2021
0.5,36217,2021
0.5,29576,2021
0.5,12371,2021
0.5,15118,2021
0.5,10087,2021
0.5,31517,2021
0.5,10759,2021
0.5,36817,2021
0.5,10560,2021
0.5,10804,2021
0.5,31757,2021
0.5,16281,2021
0.5,12872,2021
0.5,14042,2021
0.5,30437,2021
0.5,16736,2021
0.5,28976,2021
0.5,13225,2021
0.5,31477,2021
0.5,13297,2021
0.5,12660,2021
0.5,31917,2021
0.5,13573,2021
0.5,11913,2021
0.5,33577,2021
0.5,23755,2021
0.5,10409,2021
0.5,13009,2021
0.5,11652,2021
0.5,18275,2021
0.5,36297,2021
0.5,11112,2021
0.5,11689,2021
0.5,12294,2021
0.5,45016,2021
0.5,45037,2021
0.5,26135,2021
0.5,27015,2021
0.5,32257,2021
0.5,32577,2021
0.5,40377,2021
0.5,24455,2021
0.5,10828,2021
0.5,12215,2021
0.5,36037,2021
0.5,29476,2021
0.5,10724,2021
0.5,12980,2021
0.5,19755,2021
0.5,33998,2021
0.5,13339,2021
0.5,18755,2021
0.5,11534,2021
0.5,11763,2021
0.5,13567,2021
0.5,10113,2021
0.5,32598,2021
0.5,13764,2021
0.5,38677,2021
0.5,11575,2021
0.5,11201,2021
0.5,29557,2021
0.5,12855,2021
0.5,19195,2021
0.5,20316,2021
0.5,36797,2021
0.5,10224,2021
0.5,32097,2021
0.5,45002,2021
0.5,11809,2021
0.5,30297,2021
0.5,33177,2021
0.5,34037,2021
0.5,16055,2021
0.5,10837,2021
0.5,11719,2021
0.5,10614,2021
0.5,21676,2021
0.5,12239,2021
0.5,25935,2021
0.5,12652,2021
0.5,14040,2021
0.5,11633,2021
0.5,13222,2021
0.5,13595,2021
0.5,32518,2021
0.5,32657,2021
0.5,18217,2021
0.5,22775,2021
0.5,19356,2021
0.5,11074,2021
0.5,12213,2021
0.5,20576,2021
0.5,21337,2021
0.5,35377,2021
0.5,15860,2021
0.5,39197,2021
0.5,32217,2021
0.5,24975,2021
0.5,28196,2021
0.5,11714,2021
0.5,10041,2021
0.5,36457,2021
0.5,35997,2021
0.5,13813,2021
0.5,11775,2021
0.5,30216,2021
0.5,12727,2021
0.5,35777,2021
0.5,11803,2021
0.5,20595,2021
0.5,30076,2021
0.5,13234,2021
0.5,34657,2021
0.5,10989,2021
0.5,38957,2021
0.5,15460,2021
0.5,10080,2021
0.5,10898,2021
0.5,12993,2021
0.5,34457,2021
0.5,11928,2021
0.5,11791,2021
0.5,16497,2021
0.5,11116,2021
0.5,24715,2021
0.5,34637,2021
0.5,11767,2021
0.5,26295,2021
0.5,12380,2021
0.5,11238,2021
0.5,13055,2021
0.5,20559,2021
0.5,33557,2021
0.5,28036,2021
0.5,37297,2021
0.5,15957,2021
0.5,11438,2021
0.5,33777,2021
0.5,19355,2021
0.5,11350,2021
0.5,13340,2021
0.5,26675,2021
0.5,30857,2021
0.5,13699,2021
0.5,12870,2021
0.5,19098,2021
0.5,34257,2021
0.5,23056,2021
0.5,14086,2021
0.5,35977,2021
0.5,10990,2021
0.5,36497,2021
0.5,10840,2021
0.5,13317,2021
0.5,10262,2021
0.5,12392,2021
0.5,29056,2021
0.5,28396,2021
0.5,12212,2021
0.5,12966,2021
0.5,45044,2021
0.5,14076,2021
0.5,35317,2021
0.5,14039,2021
0.5,11410,2021
0.5,13876,2021
0.5,12022,2021
0.5,14435,2021
0.5,28996,2021
0.5,40137,2021
0.5,16216,2021
0.5,13549,2021
0.5,36757,2021
0.5,14043,2021
0.5,10292,2021
0.5,12978,2021
0.5,33337,2021
0.5,32057,2021
0.5,12385,2021
0.5,45024,2021
0.5,12633,2021
0.5,12127,2021
0.5,35477,2021
0.5,10232,2021
0.5,12370,2021
0.5,12134,2021
0.5,32977,2021
0.5,13550,2021
0.5,10611,2021
0.5,13685,2021
0.5,15516,2021
0.5,11807,2021
0.5,10814,2021
0.5,13139,2021
0.5,22555,2021
0.5,10137,2021
0.5,21915,2021
0.5,36117,2021
0.5,38517,2021
0.5,10447,2021
0.5,31637,2021
0.5,28956,2021
0.5,12904,2021
0.5,21397,2021
0.5,13541,2021
0.5,34277,2021
0.5,29596,2021
0.5,10078,2021
0.5,12047,2021
0.5,11653,2021
0.5,26435,2021
0.5,36257,2021
0.5,37057,2021
0.5,34057,2021
0.5,11772,2021
0.5,13293,2021
0.5,36077,2021
0.5,12107,2021
0.5,10877,2021
0.5,10794,2021
0.5,29516,2021
0.5,30157,2021
0.5,33657,2021
0.5,45004,2021
0.5,10858,2021
0.5,35617,2021
0.5,45028,2021
0.5,13629,2021
0.5,36877,2021
0.5,27215,2021
0.5,11332,2021
0.5,33997,2021
0.5,29957,2021
0.5,11864,2021
0.5,10303,2021
0.5,10978,2021
0.5,10213,2021
0.5,34477,2021
0.5,13221,2021
0.5,11611,2021
0.5,24937,2021
0.5,10513,2021
0.5,13965,2021
0.5,17576,2021
0.5,15659,2021
0.5,11041,2021
0.5,10375,2021
0.5,23816,2021
0.5,14495,2021
0.5,45014,2021
0.5,11129,2021
0.5,26315,2021
0.5,10791,2021
0.5,40357,2021
0.5,38277,2021
0.5,19457,2021
0.5,33937,2021
0.5,45018,2021
0.5,35897,2021
0.5,33297,2021
0.5,13020,2021
0.5,24495,2021
0.5,34537,2021
0.5,11922,2021
0.5,27055,2021
0.5,11168,2021
0.5,11537,2021
0.5,37077,2021
0.5,10181,2021
0.5,31697,2021
0.5,11272,2021
0.5,30559,2021
0.5,14019,2021
0.5,11320,2021
0.5,10795,2021
0.5,33737,2021
0.5,27876,2021
0.5,10790,2021
0.5,15403,2021
0.5,22995,2021
0.5,38797,2021
0.5,11908,2021
0.5,28676,2021
0.5,12071,2021
0.5,12383,2021
0.5,10136,2021
0.5,10197,2021
0.5,19875,2021
0.5,39937,2021
0.5,17235,2021
0.5,30518,2021
0.5,12394,2021
0.5,24696,2021
0.5,13888,2021
0.5,12179,2021
0.5,19655,2021
0.5,10050,2021
0.5,13691,2021
0.5,13959,2021
0.5,11205,2021
0.5,31397,2021
0.5,13345,2021
0.5,40117,2021
0.5,11738,2021
0.5,13554,2021
0.5,20315,2021
0.5,11378,2021
0.5,34697,2021
0.5,33417,2021
0.5,33517,2021
0.5,11854,2021
0.5,10841,2021
0.5,18255,2021
0.5,11688,2021
0.5,11972,2021
0.5,19556,2021
0.5,10149,2021
0.5,30637,2021
0.5,10806,2021
0.5,45029,2021
0.5,11651,2021
0.5,13581,2021
0.5,11687,2021
0.5,12366,2021
0.5,28636,2021
0.5,31959,2021
0.5,31958,2021
0.5,13867,2021
0.5,12406,2021
0.5,32997,2021
0.5,33477,2021
0.5,31777,2021
0.5,29116,2021
0.5,13887,2021
0.5,37097,2021
0.5,10086,2021
0.5,11072,2021
0.5,22796,2021
0.5,17357,2021
0.5,29896,2021
0.5,10893,2021
0.5,30657,2021
0.5,27395,2021
0.5,12784,2021
0.5,11964,2021
0.5,14795,2021
0.5,12832,2021
0.5,21495,2021
0.5,21176,2021
0.5,10822,2021
0.5,13804,2021
0.5,12281,2021
0.5,29276,2021
0.5,12209,2021
0.5,39397,2021
0.5,12018,2021
0.5,12003,2021
0.5,11122,2021
0.5,11770,2021
0.5,31097,2021
0.5,12298,2021
0.5,37197,2021
0.5,12794,2021
0.5,13612,2021
0.5,16015,2021
0.5,37037,2021
0.5,35737,2021
0.5,13249,2021
0.5,32137,2021
0.5,10328,2021
0.5,30957,2021
0.5,13597,2021
0.5,34857,2021
0.5,12973,2021
0.5,12019,2021
0.5,13748,2021
0.5,11856,2021
0.5,11413,2021
0.5,20096,2021
0.5,31677,2021
0.5,39237,2021
0.5,13296,2021
0.5,12884,2021
0.5,35417,2021
0.5,19135,2021
0.5,45013,2021
0.5,28416,2021
0.5,13243,2021
0.5,15462,2021
0.5,13035,2021
0.5,11758,2021
0.5,33317,2021
0.5,19855,2021
0.5,17015,2021
0.5,34597,2021
0.5,10398,2021
0.5,37857,2021
0.5,13706,2021
0.5,36517,2021
0.5,30877,2021
0.5,12844,2021
0.5,12244,2021
0.5,33017,2021
0.5,39577,2021
0.5,24115,2021
0.5,13530,2021
0.5,12892,2021
0.5,18898,2021
0.5,20515,2021
0.5,11138,2021
0.5,20796,2021
0.5,10550,2021
0.5,10216,2021
0.5,32357,2021
0.5,34137,2021
0.5,11357,2021
0.5,31457,2021
0.5,16255,2021
0.5,45050,2021
0.5,21795,2021
0.5,34117,2021
0.5,19635,2021
0.5,28856,2021
0.5,22315,2021
0.5,12048,2021
0.5,11966,2021
0.5,10660,2021
0.5,11861,2021
0.5,39657,2021
0.5,11334,2021
0.5,36177,2021
0.5,20115,2021
0.5,12158,2021
0.5,27737,2021
0.5,33097,2021
0.5,37797,2021
0.5,30757,2021
0.5,30117,2021
0.5,12042,2021
0.5,27956,2021
0.5,28796,2021
0.5,13531,2021
0.5,33157,2021
0.5,28296,2021
0.5,10961,2021
0.5,11737,2021
0.5,11640,2021
0.5,25896,2021
0.5,32877,2021
0.5,12108,2021
0.5,12192,2021
0.5,23695,2021
0.5,11326,2021
0.5,38577,2021
0.5,18657,2021
0.5,12705,2021
0.5,30997,2021
0.5,31117,2021
0.5,15236,2021
0.5,11273,2021
0.5,14676,2021
0.5,28096,2021
0.5,26155,2021
0.5,13000,2021
0.5,24456,2021
0.5,30417,2021
0.5,10838,2021
0.5,20815,2021
0.5,12712,2021
0.5,32237,2021
0.5,11939,2021
0.5,35337,2021
0.5,40037,2021
0.5,29356,2021
0.5,12154,2021
0.5,27476,2021
0.5,11605,2021
0.5,13291,2021
0.5,27436,2021
0.5,13032,2021
0.5,10276,2021
0.5,38297,2021
0.5,15456,2021
0.5,23375,2021
0.5,15375,2021
0.5,35318,2021
0.5,36017,2021
0.5,13936,2021
0.5,13865,2021
0.5,34297,2021
0.5,11596,2021
0.5,28896,2021
0.5,40017,2021
0.5,45046,2021
0.5,32697,2021
0.5,30537,2021
0.5,13708,2021
0.5,10825,2021
0.5,37577,2021
0.5,13290,2021
0.5,11525,2021
0.5,31217,2021
0.5,19015,2021
0.5,11649,2021
0.5,15956,2021
0.5,10417,2021
0.5,10974,2021
0.5,36099,2021
0.5,10839,2021
0.5,10281,2021
0.5,10789,2021
0.5,11971,2021
0.5,19519,2021
0.5,30217,2021
0.5,11700,2021
0.5,13568,2021
0.5,35817,2021
0.5,11492,2021
0.5,13593,2021
0.5,24535,2021
0.5,10311,2021
0.5,11290,2021
0.5,20776,2021
0.5,11298,2021
0.5,38017,2021
0.5,31338,2021
0.5,19016,2021
0.5,13566,2021
0.5,13124,2021
0.5,13316,2021
0.5,13125,2021
0.5,15461,2021
0.5,22335,2021
0.5,32397,2021
0.5,10552,2021
0.5,23055,2021
0.5,10421,2021
0.5,10753,2021
0.5,12081,2021
0.5,22435,2021
0.5,26235,2021
0.5,11552,2021
0.5,36100,2021
0.5,19396,2021
0.5,29376,2021
0.5,39617,2021
0.5,45000,2021
0.5,11312,2021
0.5,31817,2021
0.5,12074,2021
0.5,11776,2021
0.5,13727,2021
0.5,40118,2021
0.5,11813,2021
0.5,11144,2021
0.5,22955,2021
0.5,13196,2021
0.5,10309,2021
0.5,38697,2021
0.5,16165,2021
0.5,26575,2021
0.5,13057,2021
0.5,29776,2021
0.5,21755,2021
0.5,12449,2021
0.5,13644,2021
0.5,12268,2021
0.5,12662,2021
0.5,15517,2021
0.5,25815,2021
0.5,20075,2021
0.5,31077,2021
0.5,10054,2021
0.5,11414,2021
0.5,10635,2021
0.5,17575,2021
0.5,26055,2021
0.5,30236,2021
0.5,30837,2021
0.5,30177,2021
0.5,12114,2021
0.5,31297,2021
0.5,33677,2021
0.5,34917,2021
0.5,31497,2021
0.5,14018,2021
0.5,29336,2021
0.5,30517,2021
0.5,32717,2021
0.5,10090,2021
0.5,17077,2021
0.5,32857,2021
0.5,30560,2021
0.5,13677,2021
0.5,13594,2021
0.5,11351,2021
0.5,10332,2021
0.5,10029,2021
0.5,10147,2021
0.5,25855,2021
0.5,10821,2021
0.5,14081,2021
0.5,30717,2021
0.5,12077,2021
0.5,13562,2021
0.5,10570,2021
0.5,10726,2021
0.5,13570,2021
0.5,13720,2021
0.5,34737,2021
0.5,32437,2021
0.5,11533,2021
0.5,24135,2021
0.5,14678,2021
0.5,35517,2021
0.5,22495,2021
0.5,24197,2021
0.5,10677,2021
0.5,10091,2021
0.5,31557,2021
0.5,38857,2021
0.5,35657,2021
0.5,36337,2021
0.5,36317,2021
0.5,45023,2021
0.5,12303,2021
0.5,37717,2021
0.5,18117,2021
0.5,13047,2021
0.5,10652,2021
0.5,12678,2021
0.5,10504,2021
0.5,11303,2021
0.5,45025,2021
0.5,32637,2021
0.5,32337,2021
0.5,35838,2021
0.5,13837,2021
0.5,11385,2021
0.5,13704,2021
0.5,27315,2021
0.5,36717,2021
0.5,11252,2021
0.5,12839,2021
0.5,13226,2021
0.5,19235,2021
0.5,10616,2021
0.5,11925,2021
0.5,13246,2021
0.5,36237,2021
0.5,17495,2021
0.5,29936,2021
0.5,13306,2021
0.5,45003,2021
0.5,39777,2021
0.5,24155,2021
0.5,32617,2021
0.5,24175,2021
0.5,20176,2021
0.5,11338,2021
0.5,29417,2021
0.5,45032,2021
